begintime,ne_name,4G Traffic ,sum_L.Thrp.bits.DL,sum_PDCP_SDU_VOL_DL,contribution,count,target_without_worst_nes
2022-02-17,"4G_SWISS_RELIEF/Cell:eNodeB Function Name=4G_SWISS_RELIEF, Local Cell ID=7, Cell Name=4G_SWISS_RELIEF-7, eNodeB ID=5068, Cell FDD TDD indication=CELL_FDD",177885.484,1423083874672.0,0,0.007700294110560071,1,22923243.049971
2022-02-17,"4G_COLLEGIATESCHOOL_II/Cell:eNodeB Function Name=4G_COLLEGIATESCHOOL_II, Local Cell ID=7, Cell Name=4G_COLLEGIATESCHOOL_II-7, eNodeB ID=5017, Cell FDD TDD indication=CELL_FDD",161325.916,1290607328912.0,0,0.006983464715173211,2,22761917.133857
2022-02-17,"4G_JUBAHILL/Cell:eNodeB Function Name=4G_JUBAHILL, Local Cell ID=2, Cell Name=4G_JUBAHILL-3, eNodeB ID=5004, Cell FDD TDD indication=CELL_FDD",157388.888,1259111106600.0,0,0.006813038928651417,3,22604528.245532
2022-02-17,"4G_DAMAROAD/Cell:eNodeB Function Name=4G_DAMAROAD, Local Cell ID=1, Cell Name=4G_DAMAROAD-1, eNodeB ID=5043, Cell FDD TDD indication=CELL_FDD",156721.253,1253770023352.0,0,0.006784138392514899,4,22447806.992613
2022-02-17,"4G_SLCB_II/Cell:eNodeB Function Name=4G_SLCB_II, Local Cell ID=8, Cell Name=4G_SLCB_II-8, eNodeB ID=5002, Cell FDD TDD indication=CELL_FDD",153907.88,1231263038144.0,0,0.006662353303279014,5,22293899.112845
2022-02-17,"4G_KISSYROAD/Cell:eNodeB Function Name=4G_KISSYROAD, Local Cell ID=1, Cell Name=4G_KISSYROAD-1, eNodeB ID=5011, Cell FDD TDD indication=CELL_FDD",151463.025,1211704198392.0,0,0.006556520594873907,6,22142436.088046
2022-02-17,"4G_LESTERPEAK_II/Cell:eNodeB Function Name=4G_LESTERPEAK_II, Local Cell ID=8, Cell Name=4G_LESTERPEAK_II-8, eNodeB ID=5000, Cell FDD TDD indication=CELL_FDD",150858.837,1206870692768.0,0,0.006530366547936209,7,21991577.25145
2022-02-17,"4G_JUBAHILL/Cell:eNodeB Function Name=4G_JUBAHILL, Local Cell ID=7, Cell Name=4G_JUBAHILL-7, eNodeB ID=5004, Cell FDD TDD indication=CELL_FDD",144818.604,1158548828512.0,0,0.006268897373777453,8,21846758.647886
2022-02-17,"4G_KISSYROAD/Cell:eNodeB Function Name=4G_KISSYROAD, Local Cell ID=6, Cell Name=4G_KISSYROAD-6, eNodeB ID=5011, Cell FDD TDD indication=CELL_FDD",144602.041,1156816330120.0,0,0.006259522810120166,9,21702156.606621
2022-02-17,"4G_SPURLOOP_II/Cell:eNodeB Function Name=4G_SPURLOOP_II, Local Cell ID=8, Cell Name=4G_SPURLOOP_II-8, eNodeB ID=5039, Cell FDD TDD indication=CELL_FDD",139118.864,1112950912728.0,0,0.006022167436253581,10,21563037.74253
2022-02-17,"4G_KOSSOHTOWN_II/Cell:eNodeB Function Name=4G_KOSSOHTOWN_II, Local Cell ID=2, Cell Name=4G_KOSSOHTOWN_II-2, eNodeB ID=5031, Cell FDD TDD indication=CELL_FDD",138854.157,1110833252200.0,0,0.006010708818567138,11,21424183.586005
2022-02-17,"4G_WILKINSONROAD/Cell:eNodeB Function Name=4G_WILKINSONROAD, Local Cell ID=7, Cell Name=4G_WILKINSONROAD-7, eNodeB ID=5005, Cell FDD TDD indication=CELL_FDD",136130.042,1089040338768.0,0,0.005892787523252291,12,21288053.543659
2022-02-17,"4G_ALLENTOWN/Cell:eNodeB Function Name=4G_ALLENTOWN, Local Cell ID=8, Cell Name=4G_ALLENTOWN-8, eNodeB ID=5021, Cell FDD TDD indication=CELL_FDD",132931.856,1063454848096.0,0,0.005754344676390905,13,21155121.687647
2022-02-17,"4G_KROOTOWNROAD/Cell:eNodeB Function Name=4G_KROOTOWNROAD, Local Cell ID=6, Cell Name=4G_KROOTOWNROAD-6, eNodeB ID=5070, Cell FDD TDD indication=CELL_FDD",132919.715,1063357718432.0,0,0.005753819117651124,14,21022201.972843
2022-02-17,"4G_ADONKIA/Cell:eNodeB Function Name=4G_ADONKIA, Local Cell ID=2, Cell Name=4G_ADONKIA-2, eNodeB ID=5059, Cell FDD TDD indication=CELL_FDD",131824.958,1054599666056.0,0,0.0057064293549226805,15,20890377.014586
2022-02-17,"4G_BINTUMANI/Cell:eNodeB Function Name=4G_BINTUMANI, Local Cell ID=7, Cell Name=4G_BINTUMANI-7, eNodeB ID=5006, Cell FDD TDD indication=CELL_FDD",129990.621,1039924964344.0,0,0.005627024706042604,16,20760386.394043
2022-02-17,"4G_FBC/Cell:eNodeB Function Name=4G_FBC, Local Cell ID=6, Cell Name=4G_FBC-6, eNodeB ID=5026, Cell FDD TDD indication=CELL_FDD",128983.662,1031869299232.0,0,0.005583435536859606,17,20631402.731639
2022-02-17,"4G_KISSYSHELL_II/Cell:eNodeB Function Name=4G_KISSYSHELL_II, Local Cell ID=1, Cell Name=4G_KISSYSHELL_II-1, eNodeB ID=5037, Cell FDD TDD indication=CELL_FDD",128492.952,1027943615728.0,0,0.005562193717470943,18,20502909.779673
2022-02-17,"4G_KISSY_II/Cell:eNodeB Function Name=4G_KISSY_II, Local Cell ID=3, Cell Name=4G_KISSY_II-3, eNodeB ID=5036, Cell FDD TDD indication=CELL_FDD",126564.051,1012512410048.0,0,0.005478695588921266,19,20376345.728417
2022-02-17,"4G_FBC/Cell:eNodeB Function Name=4G_FBC, Local Cell ID=1, Cell Name=4G_FBC-1, eNodeB ID=5026, Cell FDD TDD indication=CELL_FDD",125726.515,1005812116576.0,0,0.0054424403904466,20,20250619.213845
2022-02-17,"4G_CLINETOWN/Cell:eNodeB Function Name=4G_CLINETOWN, Local Cell ID=1, Cell Name=4G_CLINETOWN-1, eNodeB ID=5029, Cell FDD TDD indication=CELL_FDD",124586.093,996688740064.0,0,0.005393073884463722,21,20126033.121337
2022-02-17,"4G_KOSSOHTOWN_II/Cell:eNodeB Function Name=4G_KOSSOHTOWN_II, Local Cell ID=1, Cell Name=4G_KOSSOHTOWN_II-1, eNodeB ID=5031, Cell FDD TDD indication=CELL_FDD",124171.475,993371799152.0,0,0.005375125930129617,22,20001861.646443
2022-02-17,"4G_KISSYHOUSE/Cell:eNodeB Function Name=4G_KISSYHOUSE, Local Cell ID=7, Cell Name=4G_KISSYHOUSE-7, eNodeB ID=5053, Cell FDD TDD indication=CELL_FDD",123729.253,989834021464.0,0,0.005355983055817511,23,19878132.39376
2022-02-17,"4G_LAKKA_II/Cell:eNodeB Function Name=4G_LAKKA_II, Local Cell ID=3, Cell Name=4G_LAKKA_II-3, eNodeB ID=5103, Cell FDD TDD indication=CELL_FDD",123128.045,985024356240.0,0,0.00532995800690671,24,19755004.34923
2022-02-17,"4G_COLLEGIATESCHOOL_II/Cell:eNodeB Function Name=4G_COLLEGIATESCHOOL_II, Local Cell ID=6, Cell Name=4G_COLLEGIATESCHOOL_II-6, eNodeB ID=5017, Cell FDD TDD indication=CELL_FDD",122257.271,978058164880.0,0,0.005292264004264938,25,19632747.07862
2022-02-17,"4G_MURRAYTOWNBARRACKS/Cell:eNodeB Function Name=4G_MURRAYTOWNBARRACKS, Local Cell ID=7, Cell Name=4G_MURRAYTOWNBARRACKS-7, eNodeB ID=5012, Cell FDD TDD indication=CELL_FDD",122206.523,977652183192.0,0,0.005290067228469996,26,19510540.555721
2022-02-17,"4G_KENEMATOWN/Cell:eNodeB Function Name=4G_KENEMATOWN, Local Cell ID=1, Cell Name=4G_KENEMATOWN-1, eNodeB ID=5057, Cell FDD TDD indication=CELL_FDD",119436.315,955490519264.0,0,0.005170150662667323,27,19391104.240813
2022-02-17,"4G_MMCE/Cell:eNodeB Function Name=4G_MMCE, Local Cell ID=7, Cell Name=4G_MMCE-7, eNodeB ID=5009, Cell FDD TDD indication=CELL_FDD",117846.85,942774800424.0,0,0.005101346015412118,28,19273257.39076
2022-02-17,"4G_COLEFARM_II/Cell:eNodeB Function Name=4G_COLEFARM_II, Local Cell ID=7, Cell Name=4G_COLEFARM_II-7, eNodeB ID=5008, Cell FDD TDD indication=CELL_FDD",117745.544,941964350800.0,0,0.0050969606885286475,29,19155511.84691
2022-02-17,"4G_KISSYSHELL_II/Cell:eNodeB Function Name=4G_KISSYSHELL_II, Local Cell ID=3, Cell Name=4G_KISSYSHELL_II-3, eNodeB ID=5037, Cell FDD TDD indication=CELL_FDD",116772.669,934181351560.0,0,0.005054846945100257,30,19038739.177965
2022-02-17,"4G_CONGOTOWN/Cell:eNodeB Function Name=4G_CONGOTOWN, Local Cell ID=7, Cell Name=4G_CONGOTOWN-7, eNodeB ID=5007, Cell FDD TDD indication=CELL_FDD",116009.722,928077774864.0,0,0.00502182054992363,31,18922729.456107
2022-02-17,"4G_WILBERFORCEMSC/Cell:eNodeB Function Name=4G_WILBERFORCEMSC, Local Cell ID=1, Cell Name=4G_WILBERFORCEMSC-2, eNodeB ID=5003, Cell FDD TDD indication=CELL_FDD",114336.291,914690329704.0,0,0.004949381188464948,32,18808393.164894
2022-02-17,"4G_JUITOWN_II/Cell:eNodeB Function Name=4G_JUITOWN_II, Local Cell ID=3, Cell Name=4G_JUITOWN_II-3, eNodeB ID=5032, Cell FDD TDD indication=CELL_FDD",114172.892,913383132160.0,0,0.004942307984237832,33,18694220.273374
2022-02-17,"4G_WILBERFORCEMSC/Cell:eNodeB Function Name=4G_WILBERFORCEMSC, Local Cell ID=7, Cell Name=4G_WILBERFORCEMSC-7, eNodeB ID=5003, Cell FDD TDD indication=CELL_FDD",113344.591,906756726800.0,0,0.004906452549782758,34,18580875.682524
2022-02-17,"4G_ADONKIA/Cell:eNodeB Function Name=4G_ADONKIA, Local Cell ID=3, Cell Name=4G_ADONKIA-3, eNodeB ID=5059, Cell FDD TDD indication=CELL_FDD",113222.347,905778777056.0,0,0.004901160860252592,35,18467653.335392
2022-02-17,"4G_KOSSOHTOWN_II/Cell:eNodeB Function Name=4G_KOSSOHTOWN_II, Local Cell ID=3, Cell Name=4G_KOSSOHTOWN_II-3, eNodeB ID=5031, Cell FDD TDD indication=CELL_FDD",113145.368,905162947216.0,0,0.004897828598805465,36,18354507.96699
2022-02-17,"4G_MAGBURAKA_II/Cell:eNodeB Function Name=4G_MAGBURAKA_II, Local Cell ID=1, Cell Name=4G_MAGBURAKA_II-1, eNodeB ID=5051, Cell FDD TDD indication=CELL_FDD",112802.944,902423554376.0,0,0.004883005773180669,37,18241705.022693
2022-02-17,"4G_BARGBORHILL_II/Cell:eNodeB Function Name=4G_BARGBORHILL_II, Local Cell ID=3, Cell Name=4G_BARGBORHILL_II-3, eNodeB ID=5042, Cell FDD TDD indication=CELL_FDD",112126.832,897014653336.0,0,0.004853738285274354,38,18129578.191026
2022-02-17,"4G_LOKKOHTOWN/Cell:eNodeB Function Name=4G_LOKKOHTOWN, Local Cell ID=2, Cell Name=4G_LOKKOHTOWN-2, eNodeB ID=5022, Cell FDD TDD indication=CELL_FDD",111821.318,894570542496.0,0,0.004840513217090074,39,18017756.873214
2022-02-17,"4G_MAMBO/Cell:eNodeB Function Name=4G_MAMBO, Local Cell ID=2, Cell Name=4G_MAMBO-2, eNodeB ID=5073, Cell FDD TDD indication=CELL_FDD",111693.087,893544699896.0,0,0.004834962362732047,40,17906063.785727
2022-02-17,"4G_ALLENTOWN/Cell:eNodeB Function Name=4G_ALLENTOWN, Local Cell ID=2, Cell Name=4G_ALLENTOWN-2, eNodeB ID=5021, Cell FDD TDD indication=CELL_FDD",108848.921,870791366800.0,0,0.00471184430831421,41,17797214.864877
2022-02-17,"4G_LUNGIROTIFUNK/Cell:eNodeB Function Name=4G_LUNGIROTIFUNK, Local Cell ID=1, Cell Name=4G_LUNGIROTIFUNK-1, eNodeB ID=5115, Cell FDD TDD indication=CELL_FDD",108294.011,866352087960.0,0,0.004687823403916575,42,17688920.853882
2022-02-17,"4G_MARJAYTOWN_II/Cell:eNodeB Function Name=4G_MARJAYTOWN_II, Local Cell ID=2, Cell Name=4G_MARJAYTOWN_II-2, eNodeB ID=5065, Cell FDD TDD indication=CELL_FDD",107372.738,858981902704.0,0,0.004647943404174056,43,17581548.116044
2022-02-17,"4G_SLCB_II/Cell:eNodeB Function Name=4G_SLCB_II, Local Cell ID=6, Cell Name=4G_SLCB_II-6, eNodeB ID=5002, Cell FDD TDD indication=CELL_FDD",106548.417,852387335544.0,0,0.004612260255674367,44,17474999.699101
2022-02-17,"4G_ALLENTOWN/Cell:eNodeB Function Name=4G_ALLENTOWN, Local Cell ID=3, Cell Name=4G_ALLENTOWN-3, eNodeB ID=5021, Cell FDD TDD indication=CELL_FDD",106263.309,850106475560.0,0,0.004599918520958826,45,17368736.389656
2022-02-17,"4G_SPURLOOP_II/Cell:eNodeB Function Name=4G_SPURLOOP_II, Local Cell ID=3, Cell Name=4G_SPURLOOP_II-3, eNodeB ID=5039, Cell FDD TDD indication=CELL_FDD",106084.602,848676818648.0,0,0.004592182665122406,46,17262651.787325
2022-02-17,"4G_LOKKOHTOWN/Cell:eNodeB Function Name=4G_LOKKOHTOWN, Local Cell ID=3, Cell Name=4G_LOKKOHTOWN-3, eNodeB ID=5022, Cell FDD TDD indication=CELL_FDD",106033.367,848266934968.0,0,0.00458996480810629,47,17156618.420454
2022-02-17,"4G_SPURLOOP_II/Cell:eNodeB Function Name=4G_SPURLOOP_II, Local Cell ID=1, Cell Name=4G_SPURLOOP_II-1, eNodeB ID=5039, Cell FDD TDD indication=CELL_FDD",105281.848,842254781184.0,0,0.004557433107376432,48,17051336.572806
2022-02-17,"4G_BLACKHALLROAD_II/Cell:eNodeB Function Name=4G_BLACKHALLROAD_II, Local Cell ID=1, Cell Name=4G_BLACKHALLROAD_II-1, eNodeB ID=5028, Cell FDD TDD indication=CELL_FDD",105259.782,842078258952.0,0,0.004556477915946402,49,16946076.790437
2022-02-17,"4G_MMCE/Cell:eNodeB Function Name=4G_MMCE, Local Cell ID=2, Cell Name=4G_MMCE-2, eNodeB ID=5009, Cell FDD TDD indication=CELL_FDD",104480.04,835840320832.0,0,0.0045227245000108085,50,16841596.750333
2022-02-17,"4G_DUKESTREET_II/Cell:eNodeB Function Name=4G_DUKESTREET_II, Local Cell ID=8, Cell Name=4G_DUKESTREET_II-8, eNodeB ID=5010, Cell FDD TDD indication=CELL_FDD",104270.738,834165904400.0,0,0.004513664250002278,51,16737326.012283
2022-02-17,"4G_MAMBO/Cell:eNodeB Function Name=4G_MAMBO, Local Cell ID=3, Cell Name=4G_MAMBO-3, eNodeB ID=5073, Cell FDD TDD indication=CELL_FDD",103668.324,829346590088.0,0,0.0044875869958497195,52,16633657.688522
2022-02-17,"4G_KALABATOWN/Cell:eNodeB Function Name=4G_KALABATOWN, Local Cell ID=2, Cell Name=4G_KALABATOWN-2, eNodeB ID=5035, Cell FDD TDD indication=CELL_FDD",103273.392,826187136464.0,0,0.004470491207675842,53,16530384.296464
2022-02-17,"4G_CITYROAD/Cell:eNodeB Function Name=4G_CITYROAD, Local Cell ID=1, Cell Name=4G_CITYROAD-1, eNodeB ID=5040, Cell FDD TDD indication=CELL_FDD",102966.353,823730824056.0,0,0.004457200125400616,54,16427417.943457
2022-02-17,"4G_HILLCUTROAD_II/Cell:eNodeB Function Name=4G_HILLCUTROAD_II, Local Cell ID=2, Cell Name=4G_HILLCUTROAD_II-2, eNodeB ID=5113, Cell FDD TDD indication=CELL_FDD",102716.468,821731747680.0,0,0.004446383121390231,55,16324701.474997
2022-02-17,"4G_KISSYROAD/Cell:eNodeB Function Name=4G_KISSYROAD, Local Cell ID=3, Cell Name=4G_KISSYROAD-3, eNodeB ID=5011, Cell FDD TDD indication=CELL_FDD",102330.257,818642053672.0,0,0.004429664847240703,56,16222371.218288
2022-02-17,"4G_OCTEA/Cell:eNodeB Function Name=4G_OCTEA, Local Cell ID=1, Cell Name=4G_OCTEA-1, eNodeB ID=5046, Cell FDD TDD indication=CELL_FDD",101655.573,813244587976.0,0,0.00440045917449627,57,16120715.644791
2022-02-17,"4G_ALLENTOWN/Cell:eNodeB Function Name=4G_ALLENTOWN, Local Cell ID=1, Cell Name=4G_ALLENTOWN-1, eNodeB ID=5021, Cell FDD TDD indication=CELL_FDD",101126.145,809009161928.0,0,0.004377541333092383,58,16019589.49955
2022-02-17,"4G_COLLEGIATESCHOOL_II/Cell:eNodeB Function Name=4G_COLLEGIATESCHOOL_II, Local Cell ID=1, Cell Name=4G_COLLEGIATESCHOOL_II-1, eNodeB ID=5017, Cell FDD TDD indication=CELL_FDD",99676.993,797415947648.0,0,0.004314810544947206,59,15919912.506094
2022-02-17,"4G_SEFADUCENTRAL/Cell:eNodeB Function Name=4G_SEFADUCENTRAL, Local Cell ID=2, Cell Name=4G_SEFADUCENTRAL-2, eNodeB ID=5061, Cell FDD TDD indication=CELL_FDD",99398.405,795187237448.0,0,0.004302751047525411,60,15820514.101413
2022-02-17,"4G_BLACKHALLROAD_II/Cell:eNodeB Function Name=4G_BLACKHALLROAD_II, Local Cell ID=3, Cell Name=4G_BLACKHALLROAD_II-3, eNodeB ID=5028, Cell FDD TDD indication=CELL_FDD",99181.4,793451199376.0,0,0.004293357350603732,61,15721332.701491
2022-02-17,"4G_WILBERFORCEMSC/Cell:eNodeB Function Name=4G_WILBERFORCEMSC, Local Cell ID=6, Cell Name=4G_WILBERFORCEMSC-6, eNodeB ID=5003, Cell FDD TDD indication=CELL_FDD",98967.105,791736836776.0,0,0.0042840809639682585,62,15622365.596894
2022-02-17,"4G_BLACKHALLROAD_II/Cell:eNodeB Function Name=4G_BLACKHALLROAD_II, Local Cell ID=2, Cell Name=4G_BLACKHALLROAD_II-2, eNodeB ID=5028, Cell FDD TDD indication=CELL_FDD",98417.242,787337936688.0,0,0.004260278533745706,63,15523948.354808
2022-02-17,"4G_LOKKOHTOWN/Cell:eNodeB Function Name=4G_LOKKOHTOWN, Local Cell ID=7, Cell Name=4G_LOKKOHTOWN-7, eNodeB ID=5022, Cell FDD TDD indication=CELL_FDD",98274.804,786198432240.0,0,0.00425411268778764,64,15425673.550778
2022-02-17,"4G_OCTEA/Cell:eNodeB Function Name=4G_OCTEA, Local Cell ID=2, Cell Name=4G_OCTEA-2, eNodeB ID=5046, Cell FDD TDD indication=CELL_FDD",97643.868,781150941128.0,0,0.004226800775338728,65,15328029.683137
2022-02-17,"4G_YOUYIBUILDING/Cell:eNodeB Function Name=4G_YOUYIBUILDING, Local Cell ID=1, Cell Name=4G_YOUYIBUILDING-1, eNodeB ID=5018, Cell FDD TDD indication=CELL_FDD",96962.633,775701063296.0,0,0.004197311523374766,66,15231067.050225
2022-02-17,"4G_PALMRESORT/Cell:eNodeB Function Name=4G_PALMRESORT, Local Cell ID=6, Cell Name=4G_PALMRESORT-6, eNodeB ID=5025, Cell FDD TDD indication=CELL_FDD",96646.269,773170148264.0,0,0.004183616781166384,67,15134420.781692
2022-02-17,"4G_KENNEDYSTREET/Cell:eNodeB Function Name=4G_KENNEDYSTREET, Local Cell ID=8, Cell Name=4G_KENNEDYSTREET-8, eNodeB ID=5027, Cell FDD TDD indication=CELL_FDD",95878.875,767031000184.0,0,0.004150397884571769,68,15038541.906669
2022-02-17,"4G_KISSYHOUSE/Cell:eNodeB Function Name=4G_KISSYHOUSE, Local Cell ID=1, Cell Name=4G_KISSYHOUSE-1, eNodeB ID=5053, Cell FDD TDD indication=CELL_FDD",94852.133,758817061504.0,0,0.00410595235029948,69,14943689.773981
2022-02-17,"4G_ROCKELBANK/Cell:eNodeB Function Name=4G_ROCKELBANK, Local Cell ID=3, Cell Name=4G_ROCKELBANK-3, eNodeB ID=5038, Cell FDD TDD indication=CELL_FDD",94667.585,757340676792.0,0,0.004097963649672758,70,14849022.189382
2022-02-17,"4G_CLINETOWN/Cell:eNodeB Function Name=4G_CLINETOWN, Local Cell ID=3, Cell Name=4G_CLINETOWN-3, eNodeB ID=5029, Cell FDD TDD indication=CELL_FDD",94434.724,755477790744.0,0,0.004087883579356963,71,14754587.465539
2022-02-17,"4G_KISSYROAD/Cell:eNodeB Function Name=4G_KISSYROAD, Local Cell ID=2, Cell Name=4G_KISSYROAD-2, eNodeB ID=5011, Cell FDD TDD indication=CELL_FDD",94188.97,753511762752.0,0,0.004077245397779165,72,14660398.495195
2022-02-17,"4G_ROCKELBANK/Cell:eNodeB Function Name=4G_ROCKELBANK, Local Cell ID=1, Cell Name=4G_ROCKELBANK-1, eNodeB ID=5038, Cell FDD TDD indication=CELL_FDD",93454.927,747639419808.0,0,0.004045470196887574,73,14566943.567719
2022-02-17,"4G_LUNGIROTIFUNK/Cell:eNodeB Function Name=4G_LUNGIROTIFUNK, Local Cell ID=3, Cell Name=4G_LUNGIROTIFUNK-3, eNodeB ID=5115, Cell FDD TDD indication=CELL_FDD",93405.391,747243124456.0,0,0.00404332588606196,74,14473538.177162
2022-02-17,"4G_SEFADUCENTRAL/Cell:eNodeB Function Name=4G_SEFADUCENTRAL, Local Cell ID=1, Cell Name=4G_SEFADUCENTRAL-1, eNodeB ID=5061, Cell FDD TDD indication=CELL_FDD",93294.995,746359961752.0,0,0.004038547071908528,75,14380243.181943
2022-02-17,"4G_DUNDASTREET/Cell:eNodeB Function Name=4G_DUNDASTREET, Local Cell ID=8, Cell Name=4G_DUNDASTREET-8, eNodeB ID=5020, Cell FDD TDD indication=CELL_FDD",92604.118,740832940960.0,0,0.004008640437738078,76,14287639.064323
2022-02-17,"4G_COLLEGIATESCHOOL_II/Cell:eNodeB Function Name=4G_COLLEGIATESCHOOL_II, Local Cell ID=3, Cell Name=4G_COLLEGIATESCHOOL_II-3, eNodeB ID=5017, Cell FDD TDD indication=CELL_FDD",91894.281,735154245624.0,0,0.003977913064443483,77,14195744.78362
2022-02-17,"4G_ROCKELBANK/Cell:eNodeB Function Name=4G_ROCKELBANK, Local Cell ID=8, Cell Name=4G_ROCKELBANK-8, eNodeB ID=5038, Cell FDD TDD indication=CELL_FDD",91595.437,732763496704.0,0,0.003964976726742223,78,14104149.346532
2022-02-17,"4G_ADONKIA/Cell:eNodeB Function Name=4G_ADONKIA, Local Cell ID=8, Cell Name=4G_ADONKIA-8, eNodeB ID=5059, Cell FDD TDD indication=CELL_FDD",91577.074,732616588392.0,0,0.003964181830511386,79,14012572.272983
2022-02-17,"4G_SLCB_II/Cell:eNodeB Function Name=4G_SLCB_II, Local Cell ID=2, Cell Name=4G_SLCB_II-3, eNodeB ID=5002, Cell FDD TDD indication=CELL_FDD",91203.803,729630426080.0,0,0.003948023702156501,80,13921368.469723
2022-02-17,"4G_KENNEDYSTREET/Cell:eNodeB Function Name=4G_KENNEDYSTREET, Local Cell ID=6, Cell Name=4G_KENNEDYSTREET-6, eNodeB ID=5027, Cell FDD TDD indication=CELL_FDD",90051.311,720410490600.0,0,0.0038981347108767647,81,13831317.158398
2022-02-17,"4G_KISSYROAD/Cell:eNodeB Function Name=4G_KISSYROAD, Local Cell ID=8, Cell Name=4G_KISSYROAD-8, eNodeB ID=5011, Cell FDD TDD indication=CELL_FDD",89726.466,717811728384.0,0,0.0038840728437468707,82,13741590.69235
2022-02-17,"4G_MARJAYTOWN_II/Cell:eNodeB Function Name=4G_MARJAYTOWN_II, Local Cell ID=6, Cell Name=4G_MARJAYTOWN_II-6, eNodeB ID=5065, Cell FDD TDD indication=CELL_FDD",89125.206,713001648640.0,0,0.003858045543863788,83,13652465.48627
2022-02-17,"4G_DUKESTREET_II/Cell:eNodeB Function Name=4G_DUKESTREET_II, Local Cell ID=1, Cell Name=4G_DUKESTREET_II-1, eNodeB ID=5010, Cell FDD TDD indication=CELL_FDD",87772.397,702179175816.0,0,0.0037994852446129918,84,13564693.089293
2022-02-17,"4G_COLEFARM_II/Cell:eNodeB Function Name=4G_COLEFARM_II, Local Cell ID=8, Cell Name=4G_COLEFARM_II-8, eNodeB ID=5008, Cell FDD TDD indication=CELL_FDD",87024.551,696196410528.0,0,0.0037671125404444726,85,13477668.537977
2022-02-17,"4G_KISSYBARRACKS/Cell:eNodeB Function Name=4G_KISSYBARRACKS, Local Cell ID=2, Cell Name=4G_KISSYBARRACKS-2, eNodeB ID=5052, Cell FDD TDD indication=CELL_FDD",86753.518,694028144232.0,0,0.0037553800833224093,86,13390915.019948
2022-02-17,"4G_JUITOWN_II/Cell:eNodeB Function Name=4G_JUITOWN_II, Local Cell ID=1, Cell Name=4G_JUITOWN_II-1, eNodeB ID=5032, Cell FDD TDD indication=CELL_FDD",86696.193,693569544936.0,0,0.003752898602821798,87,13304218.826831
2022-02-17,"4G_ALLENTOWN_II/Cell:eNodeB Function Name=4G_ALLENTOWN_II, Local Cell ID=2, Cell Name=4G_ALLENTOWN_II-2, eNodeB ID=5034, Cell FDD TDD indication=CELL_FDD",86652.415,693219321376.0,0,0.003751003543888422,88,13217566.411659
2022-02-17,"4G_OCTEA/Cell:eNodeB Function Name=4G_OCTEA, Local Cell ID=3, Cell Name=4G_OCTEA-3, eNodeB ID=5046, Cell FDD TDD indication=CELL_FDD",85605.88,684847042456.0,0,0.0037057012116475576,89,13131960.531352
2022-02-17,"4G_LESTERPEAK_II/Cell:eNodeB Function Name=4G_LESTERPEAK_II, Local Cell ID=2, Cell Name=4G_LESTERPEAK_II-3, eNodeB ID=5000, Cell FDD TDD indication=CELL_FDD",85036.419,680291348320.0,0,0.003681050424602485,90,13046924.112812
2022-02-17,"4G_KALABATOWN/Cell:eNodeB Function Name=4G_KALABATOWN, Local Cell ID=1, Cell Name=4G_KALABATOWN-1, eNodeB ID=5035, Cell FDD TDD indication=CELL_FDD",83945.325,671562597864.0,0,0.003633819225556095,91,12962978.788079
2022-02-17,"4G_SLCB_II/Cell:eNodeB Function Name=4G_SLCB_II, Local Cell ID=7, Cell Name=4G_SLCB_II-7, eNodeB ID=5002, Cell FDD TDD indication=CELL_FDD",83335.856,666686845632.0,0,0.0036074365750680486,92,12879642.932375
2022-02-17,"4G_GODRECHSTREET/Cell:eNodeB Function Name=4G_GODRECHSTREET, Local Cell ID=2, Cell Name=4G_GODRECHSTREET-2, eNodeB ID=5019, Cell FDD TDD indication=CELL_FDD",82614.309,660914471240.0,0,0.003576202300130852,93,12797028.62347
2022-02-17,"4G_KISSYBARRACKS/Cell:eNodeB Function Name=4G_KISSYBARRACKS, Local Cell ID=6, Cell Name=4G_KISSYBARRACKS-6, eNodeB ID=5052, Cell FDD TDD indication=CELL_FDD",82164.839,657318715136.0,0,0.003556745674913061,94,12714863.784078
2022-02-17,"4G_JUBAHILL/Cell:eNodeB Function Name=4G_JUBAHILL, Local Cell ID=6, Cell Name=4G_JUBAHILL-6, eNodeB ID=5004, Cell FDD TDD indication=CELL_FDD",82085.902,656687217616.0,0,0.0035533286557019525,95,12632777.881876
2022-02-17,"4G_ABERDEEN/Cell:eNodeB Function Name=4G_ABERDEEN, Local Cell ID=7, Cell Name=4G_ABERDEEN-7, eNodeB ID=5104, Cell FDD TDD indication=CELL_FDD",81652.237,653217897008.0,0,0.003534556196193924,96,12551125.64475
2022-02-17,"4G_GODRECHSTREET/Cell:eNodeB Function Name=4G_GODRECHSTREET, Local Cell ID=7, Cell Name=4G_GODRECHSTREET-7, eNodeB ID=5019, Cell FDD TDD indication=CELL_FDD",81294.82,650358561864.0,0,0.003519084354657298,97,12469830.824517
2022-02-17,"4G_BOTOWN/Cell:eNodeB Function Name=4G_BOTOWN, Local Cell ID=6, Cell Name=4G_BOTOWN-6, eNodeB ID=5041, Cell FDD TDD indication=CELL_FDD",80396.368,643170944232.0,0,0.0034801922287308173,98,12389434.456488
2022-02-17,"4G_LOKKOHTOWN/Cell:eNodeB Function Name=4G_LOKKOHTOWN, Local Cell ID=1, Cell Name=4G_LOKKOHTOWN-1, eNodeB ID=5022, Cell FDD TDD indication=CELL_FDD",80216.54,641732317592.0,0,0.0034724078471265614,99,12309217.916789
2022-02-17,"4G_SWISS_RELIEF/Cell:eNodeB Function Name=4G_SWISS_RELIEF, Local Cell ID=1, Cell Name=4G_SWISS_RELIEF-1, eNodeB ID=5068, Cell FDD TDD indication=CELL_FDD",80084.581,640676650928.0,0,0.0034666956153711283,100,12229133.335423
2022-02-17,"4G_YOUYIBUILDING/Cell:eNodeB Function Name=4G_YOUYIBUILDING, Local Cell ID=3, Cell Name=4G_YOUYIBUILDING-3, eNodeB ID=5018, Cell FDD TDD indication=CELL_FDD",79681.654,637453235712.0,0,0.0034492537402089837,101,12149451.680959
2022-02-17,"4G_WILKINSONROAD/Cell:eNodeB Function Name=4G_WILKINSONROAD, Local Cell ID=6, Cell Name=4G_WILKINSONROAD-6, eNodeB ID=5005, Cell FDD TDD indication=CELL_FDD",79660.137,637281095768.0,0,0.0034483223138516935,102,12069791.543988
2022-02-17,"4G_BOTOWN/Cell:eNodeB Function Name=4G_BOTOWN, Local Cell ID=1, Cell Name=4G_BOTOWN-1, eNodeB ID=5041, Cell FDD TDD indication=CELL_FDD",79356.621,634852968336.0,0,0.003435183734948534,103,11990434.922946
2022-02-17,"4G_KOSSOHTOWN_II/Cell:eNodeB Function Name=4G_KOSSOHTOWN_II, Local Cell ID=6, Cell Name=4G_KOSSOHTOWN_II-6, eNodeB ID=5031, Cell FDD TDD indication=CELL_FDD",79053.483,632427863040.0,0,0.003422061518882343,104,11911381.440066
2022-02-17,"4G_DAMAROAD/Cell:eNodeB Function Name=4G_DAMAROAD, Local Cell ID=3, Cell Name=4G_DAMAROAD-3, eNodeB ID=5043, Cell FDD TDD indication=CELL_FDD",78695.15,629561201768.0,0,0.0034065500256032213,105,11832686.289845
2022-02-17,"4G_CONGOTOWN/Cell:eNodeB Function Name=4G_CONGOTOWN, Local Cell ID=2, Cell Name=4G_CONGOTOWN-2, eNodeB ID=5007, Cell FDD TDD indication=CELL_FDD",78023.132,624185059416.0,0,0.0033774597584761384,106,11754663.157418
2022-02-17,"4G_LOKKOHTOWN/Cell:eNodeB Function Name=4G_LOKKOHTOWN, Local Cell ID=8, Cell Name=4G_LOKKOHTOWN-8, eNodeB ID=5022, Cell FDD TDD indication=CELL_FDD",77823.414,622587315296.0,0,0.0033688143799742434,107,11676839.743006
2022-02-17,"4G_MALAMA_II/Cell:eNodeB Function Name=4G_MALAMA_II, Local Cell ID=1, Cell Name=4G_MALAMA_II-1, eNodeB ID=5060, Cell FDD TDD indication=CELL_FDD",77809.715,622477721448.0,0,0.003368221378641877,108,11599030.027825
2022-02-17,"4G_BLACKHALLROAD_II/Cell:eNodeB Function Name=4G_BLACKHALLROAD_II, Local Cell ID=7, Cell Name=4G_BLACKHALLROAD_II-7, eNodeB ID=5028, Cell FDD TDD indication=CELL_FDD",77621.207,620969658952.0,0,0.0033600612578183397,109,11521408.820456
2022-02-17,"4G_YOUYIBUILDING/Cell:eNodeB Function Name=4G_YOUYIBUILDING, Local Cell ID=8, Cell Name=4G_YOUYIBUILDING-8, eNodeB ID=5018, Cell FDD TDD indication=CELL_FDD",76962.789,615702310512.0,0,0.003331559706518703,110,11444446.031642
2022-02-17,"4G_MARJAYTOWN_II/Cell:eNodeB Function Name=4G_MARJAYTOWN_II, Local Cell ID=1, Cell Name=4G_MARJAYTOWN_II-1, eNodeB ID=5065, Cell FDD TDD indication=CELL_FDD",76621.023,612968186824.0,0,0.0033167653643508526,111,11367825.008289
2022-02-17,"4G_KISSYBARRACKS/Cell:eNodeB Function Name=4G_KISSYBARRACKS, Local Cell ID=1, Cell Name=4G_KISSYBARRACKS-1, eNodeB ID=5052, Cell FDD TDD indication=CELL_FDD",76508.173,612065386696.0,0,0.003311880321620909,112,11291316.834952
2022-02-17,"4G_WILKINSONROAD/Cell:eNodeB Function Name=4G_WILKINSONROAD, Local Cell ID=8, Cell Name=4G_WILKINSONROAD-8, eNodeB ID=5005, Cell FDD TDD indication=CELL_FDD",75700.328,605602627984.0,0,0.0032769103850309993,113,11215616.506454
2022-02-17,"4G_LAKKA_II/Cell:eNodeB Function Name=4G_LAKKA_II, Local Cell ID=2, Cell Name=4G_LAKKA_II-2, eNodeB ID=5103, Cell FDD TDD indication=CELL_FDD",75310.214,602481715928.0,0,0.00326002315809658,114,11140306.291963
2022-02-17,"4G_HILLCUTROAD_II/Cell:eNodeB Function Name=4G_HILLCUTROAD_II, Local Cell ID=3, Cell Name=4G_HILLCUTROAD_II-3, eNodeB ID=5113, Cell FDD TDD indication=CELL_FDD",74292.368,594338943768.0,0,0.003215962713236126,115,11066013.923992
2022-02-17,"4G_KALABATOWN/Cell:eNodeB Function Name=4G_KALABATOWN, Local Cell ID=8, Cell Name=4G_KALABATOWN-8, eNodeB ID=5035, Cell FDD TDD indication=CELL_FDD",74088.435,592707478640.0,0,0.0032071348761156513,116,10991925.489162
2022-02-17,"4G_WILBERFORCEMSC/Cell:eNodeB Function Name=4G_WILBERFORCEMSC, Local Cell ID=2, Cell Name=4G_WILBERFORCEMSC-3, eNodeB ID=5003, Cell FDD TDD indication=CELL_FDD",73880.209,591041669672.0,0,0.0031981212039181744,117,10918045.280453
2022-02-17,"4G_SS_CAMP/Cell:eNodeB Function Name=4G_SS_CAMP, Local Cell ID=1, Cell Name=4G_SS_CAMP-1, eNodeB ID=5124, Cell FDD TDD indication=CELL_FDD",73614.746,588917971960.0,0,0.0031866298605577933,118,10844430.533958
2022-02-17,"4G_SS_CAMP/Cell:eNodeB Function Name=4G_SS_CAMP, Local Cell ID=3, Cell Name=4G_SS_CAMP-3, eNodeB ID=5124, Cell FDD TDD indication=CELL_FDD",73319.657,586557253184.0,0,0.0031738560690280073,119,10771110.87731
2022-02-17,"4G_ROCKELBANK/Cell:eNodeB Function Name=4G_ROCKELBANK, Local Cell ID=6, Cell Name=4G_ROCKELBANK-6, eNodeB ID=5038, Cell FDD TDD indication=CELL_FDD",73080.829,584646634368.0,0,0.003163517699642921,120,10698030.048014
2022-02-17,"4G_PALMRESORT/Cell:eNodeB Function Name=4G_PALMRESORT, Local Cell ID=1, Cell Name=4G_PALMRESORT-1, eNodeB ID=5025, Cell FDD TDD indication=CELL_FDD",72850.695,582805563680.0,0,0.0031535556755081153,121,10625179.352554
2022-02-17,"4G_COLLEGIATESCHOOL_II/Cell:eNodeB Function Name=4G_COLLEGIATESCHOOL_II, Local Cell ID=8, Cell Name=4G_COLLEGIATESCHOOL_II-8, eNodeB ID=5017, Cell FDD TDD indication=CELL_FDD",72796.454,582371635256.0,0,0.0031512076949789625,122,10552382.898147
2022-02-17,"4G_DUNDASTREET/Cell:eNodeB Function Name=4G_DUNDASTREET, Local Cell ID=3, Cell Name=4G_DUNDASTREET-3, eNodeB ID=5020, Cell FDD TDD indication=CELL_FDD",72740.611,581924891232.0,0,0.003148790367188371,123,10479642.286743
2022-02-17,"4G_ALLENTOWN_II/Cell:eNodeB Function Name=4G_ALLENTOWN_II, Local Cell ID=8, Cell Name=4G_ALLENTOWN_II-8, eNodeB ID=5034, Cell FDD TDD indication=CELL_FDD",72261.105,578088840056.0,0,0.003128033545750495,124,10407381.181736
2022-02-17,"4G_SS_CAMP/Cell:eNodeB Function Name=4G_SS_CAMP, Local Cell ID=2, Cell Name=4G_SS_CAMP-2, eNodeB ID=5124, Cell FDD TDD indication=CELL_FDD",72025.68,576205441768.0,0,0.0031178424851860554,125,10335355.501515
2022-02-17,"4G_GODERICH/Cell:eNodeB Function Name=4G_GODERICH, Local Cell ID=1, Cell Name=4G_GODERICH-1, eNodeB ID=5016, Cell FDD TDD indication=CELL_FDD",71529.331,572234645480.0,0,0.0030963565651686447,126,10263826.17083
2022-02-17,"4G_SPURROAD_II/Cell:eNodeB Function Name=4G_SPURROAD_II, Local Cell ID=0, Cell Name=4G_SPURROAD_II-1, eNodeB ID=5001, Cell FDD TDD indication=CELL_FDD",70927.707,567421657504.0,0,0.003070313508479592,127,10192898.463642
2022-02-17,"4G_CONGOTOWN/Cell:eNodeB Function Name=4G_CONGOTOWN, Local Cell ID=3, Cell Name=4G_CONGOTOWN-3, eNodeB ID=5007, Cell FDD TDD indication=CELL_FDD",70812.98,566503840272.0,0,0.003065347214307875,128,10122085.483608
2022-02-17,"4G_KISSYSHELL_II/Cell:eNodeB Function Name=4G_KISSYSHELL_II, Local Cell ID=8, Cell Name=4G_KISSYSHELL_II-8, eNodeB ID=5037, Cell FDD TDD indication=CELL_FDD",70370.824,562966595624.0,0,0.00304620719699905,129,10051714.659155
2022-02-17,"4G_KALABATOWN/Cell:eNodeB Function Name=4G_KALABATOWN, Local Cell ID=3, Cell Name=4G_KALABATOWN-3, eNodeB ID=5035, Cell FDD TDD indication=CELL_FDD",69909.965,559279723656.0,0,0.003026257565563701,130,9981804.693698
2022-02-17,"4G_DUNDASTREET/Cell:eNodeB Function Name=4G_DUNDASTREET, Local Cell ID=1, Cell Name=4G_DUNDASTREET-1, eNodeB ID=5020, Cell FDD TDD indication=CELL_FDD",69368.666,554949331792.0,0,0.003002825853160726,131,9912436.027224
2022-02-17,"4G_ALLENTOWN/Cell:eNodeB Function Name=4G_ALLENTOWN, Local Cell ID=7, Cell Name=4G_ALLENTOWN-7, eNodeB ID=5021, Cell FDD TDD indication=CELL_FDD",69308.112,554464892880.0,0,0.0030002045959390245,132,9843127.915614
2022-02-17,"4G_GODERICH/Cell:eNodeB Function Name=4G_GODERICH, Local Cell ID=7, Cell Name=4G_GODERICH-7, eNodeB ID=5016, Cell FDD TDD indication=CELL_FDD",69103.038,552824303256.0,0,0.002991327367292144,133,9774024.877707
2022-02-17,"4G_MALAMA_II/Cell:eNodeB Function Name=4G_MALAMA_II, Local Cell ID=7, Cell Name=4G_MALAMA_II-7, eNodeB ID=5060, Cell FDD TDD indication=CELL_FDD",69088.543,552708342048.0,0,0.0029906999087687012,134,9704936.334951
2022-02-17,"4G_DUKESTREET_II/Cell:eNodeB Function Name=4G_DUKESTREET_II, Local Cell ID=3, Cell Name=4G_DUKESTREET_II-3, eNodeB ID=5010, Cell FDD TDD indication=CELL_FDD",69085.599,552684789696.0,0,0.0029905724691072304,135,9635850.736239
2022-02-17,"4G_ALLENTOWN_II/Cell:eNodeB Function Name=4G_ALLENTOWN_II, Local Cell ID=3, Cell Name=4G_ALLENTOWN_II-3, eNodeB ID=5034, Cell FDD TDD indication=CELL_FDD",68889.523,551116183448.0,0,0.002982084745240891,136,9566961.213308
2022-02-17,"4G_IMATT_II/Cell:eNodeB Function Name=4G_IMATT_II, Local Cell ID=7, Cell Name=4G_IMATT_II-7, eNodeB ID=5030, Cell FDD TDD indication=CELL_FDD",68593.724,548749788936.0,0,0.002969280219281878,137,9498367.489691
2022-02-17,"4G_OAU_II/Cell:eNodeB Function Name=4G_OAU_II, Local Cell ID=2, Cell Name=4G_OAU_II-2, eNodeB ID=5013, Cell FDD TDD indication=CELL_FDD",68367.05,546936403536.0,0,0.002959467971379643,138,9430000.439249
2022-02-17,"4G_KALABATOWN/Cell:eNodeB Function Name=4G_KALABATOWN, Local Cell ID=6, Cell Name=4G_KALABATOWN-6, eNodeB ID=5035, Cell FDD TDD indication=CELL_FDD",68280.45,546243599112.0,0,0.002955719236772526,139,9361719.98936
2022-02-17,"4G_DILLET/Cell:eNodeB Function Name=4G_DILLET, Local Cell ID=7, Cell Name=4G_DILLET-7, eNodeB ID=5069, Cell FDD TDD indication=CELL_FDD",68264.754,546118028800.0,0,0.0029550397894469683,140,9293455.23576
2022-02-17,"4G_LUNGIAIRPORT/Cell:eNodeB Function Name=4G_LUNGIAIRPORT, Local Cell ID=2, Cell Name=4G_LUNGIAIRPORT-2, eNodeB ID=5015, Cell FDD TDD indication=CELL_FDD",68108.342,544866738192.0,0,0.0029482690379762024,141,9225346.893486
2022-02-17,"4G_ROCKELBANK/Cell:eNodeB Function Name=4G_ROCKELBANK, Local Cell ID=7, Cell Name=4G_ROCKELBANK-7, eNodeB ID=5038, Cell FDD TDD indication=CELL_FDD",68107.0,544855998552.0,0,0.0029482109455761705,142,9157239.893667
2022-02-17,"4G_KISSY_II/Cell:eNodeB Function Name=4G_KISSY_II, Local Cell ID=2, Cell Name=4G_KISSY_II-2, eNodeB ID=5036, Cell FDD TDD indication=CELL_FDD",68091.19,544729516136.0,0,0.002947526563426765,143,9089148.70415
2022-02-17,"4G_ABERDEEN/Cell:eNodeB Function Name=4G_ABERDEEN, Local Cell ID=1, Cell Name=4G_ABERDEEN-1, eNodeB ID=5104, Cell FDD TDD indication=CELL_FDD",67990.761,543926087136.0,0,0.002943179200056579,144,9021157.943258
2022-02-17,"4G_ADONKIA/Cell:eNodeB Function Name=4G_ADONKIA, Local Cell ID=7, Cell Name=4G_ADONKIA-7, eNodeB ID=5059, Cell FDD TDD indication=CELL_FDD",67939.658,543517263208.0,0,0.002940967057047024,145,8953218.285357
2022-02-17,"4G_BINTUMANI/Cell:eNodeB Function Name=4G_BINTUMANI, Local Cell ID=6, Cell Name=4G_BINTUMANI-6, eNodeB ID=5006, Cell FDD TDD indication=CELL_FDD",67560.632,540485055096.0,0,0.0029245598066636866,146,8885657.65347
2022-02-17,"4G_WILBERFORCEMSC/Cell:eNodeB Function Name=4G_WILBERFORCEMSC, Local Cell ID=0, Cell Name=4G_WILBERFORCEMSC-1, eNodeB ID=5003, Cell FDD TDD indication=CELL_FDD",67416.516,539332131216.0,0,0.002918321323561617,147,8818241.137068
2022-02-17,"4G_GODERICH/Cell:eNodeB Function Name=4G_GODERICH, Local Cell ID=8, Cell Name=4G_GODERICH-8, eNodeB ID=5016, Cell FDD TDD indication=CELL_FDD",67337.104,538696829528.0,0,0.0029148837425844766,148,8750904.033377
2022-02-17,"4G_GODRECHSTREET/Cell:eNodeB Function Name=4G_GODRECHSTREET, Local Cell ID=3, Cell Name=4G_GODRECHSTREET-3, eNodeB ID=5019, Cell FDD TDD indication=CELL_FDD",66885.648,535085185000.0,0,0.0028953411475407067,149,8684018.385252
2022-02-17,"4G_MMCE/Cell:eNodeB Function Name=4G_MMCE, Local Cell ID=6, Cell Name=4G_MMCE-6, eNodeB ID=5009, Cell FDD TDD indication=CELL_FDD",66714.301,533714408824.0,0,0.0028879238908579626,150,8617304.084149
2022-02-17,"4G_HILLSTATION/Cell:eNodeB Function Name=4G_HILLSTATION, Local Cell ID=1, Cell Name=4G_HILLSTATION-1, eNodeB ID=5064, Cell FDD TDD indication=CELL_FDD",66382.848,531062787568.0,0,0.0028735759770966156,151,8550921.235703
2022-02-17,"4G_MAMBO/Cell:eNodeB Function Name=4G_MAMBO, Local Cell ID=1, Cell Name=4G_MAMBO-1, eNodeB ID=5073, Cell FDD TDD indication=CELL_FDD",66034.361,528274884432.0,0,0.002858490696761393,152,8484886.875149
2022-02-17,"4G_BYRNELANECOLLIGATE/Cell:eNodeB Function Name=4G_BYRNELANECOLLIGATE, Local Cell ID=7, Cell Name=4G_BYRNELANECOLLIGATE-7, eNodeB ID=5056, Cell FDD TDD indication=CELL_FDD",65937.815,527502522672.0,0,0.0028543114204175285,153,8418949.059815
2022-02-17,"4G_HILLCUTROAD_II/Cell:eNodeB Function Name=4G_HILLCUTROAD_II, Local Cell ID=1, Cell Name=4G_HILLCUTROAD_II-1, eNodeB ID=5113, Cell FDD TDD indication=CELL_FDD",64726.083,517808662592.0,0,0.002801858052254125,154,8354222.976991
2022-02-17,"4G_KAMBIA_RELIEVE/Cell:eNodeB Function Name=4G_KAMBIA_RELIEVE, Local Cell ID=1, Cell Name=4G_KAMBIA_RELIEVE-1, eNodeB ID=5108, Cell FDD TDD indication=CELL_FDD",64415.752,515326015920.0,0,0.0027884244661183152,155,8289807.225001
2022-02-17,"4G_ABERDEEN/Cell:eNodeB Function Name=4G_ABERDEEN, Local Cell ID=6, Cell Name=4G_ABERDEEN-6, eNodeB ID=5104, Cell FDD TDD indication=CELL_FDD",64169.918,513359340184.0,0,0.0027777828215062375,156,8225637.307478
2022-02-17,"4G_CLINETOWN/Cell:eNodeB Function Name=4G_CLINETOWN, Local Cell ID=6, Cell Name=4G_CLINETOWN-6, eNodeB ID=5029, Cell FDD TDD indication=CELL_FDD",64079.637,512637093696.0,0,0.0027738747440343545,157,8161557.670766
2022-02-17,"4G_SPURROADMILITARY/Cell:eNodeB Function Name=4G_SPURROADMILITARY, Local Cell ID=8, Cell Name=4G_SPURROADMILITARY-8, eNodeB ID=5067, Cell FDD TDD indication=CELL_FDD",63294.654,506357229568.0,0,0.002739894456065552,158,8098263.01707
2022-02-17,"4G_MARJAYTOWN_II/Cell:eNodeB Function Name=4G_MARJAYTOWN_II, Local Cell ID=7, Cell Name=4G_MARJAYTOWN_II-7, eNodeB ID=5065, Cell FDD TDD indication=CELL_FDD",63129.989,505039911056.0,0,0.002732766449320969,159,8035133.028188
2022-02-17,"4G_CONGOTOWN/Cell:eNodeB Function Name=4G_CONGOTOWN, Local Cell ID=8, Cell Name=4G_CONGOTOWN-8, eNodeB ID=5007, Cell FDD TDD indication=CELL_FDD",63044.58,504356636144.0,0,0.0027290692706366825,160,7972088.44867
2022-02-17,"4G_SWISSHOTEL/Cell:eNodeB Function Name=4G_SWISSHOTEL, Local Cell ID=8, Cell Name=4G_SWISSHOTEL-8, eNodeB ID=5055, Cell FDD TDD indication=CELL_FDD",62714.291,501714324392.0,0,0.002714771744024096,161,7909374.158121
2022-02-17,"4G_GODERICH/Cell:eNodeB Function Name=4G_GODERICH, Local Cell ID=3, Cell Name=4G_GODERICH-3, eNodeB ID=5016, Cell FDD TDD indication=CELL_FDD",62445.781,499566250528.0,0,0.0027031485023456103,162,7846928.376805
2022-02-17,"4G_TORKPOITOWN/Cell:eNodeB Function Name=4G_TORKPOITOWN, Local Cell ID=2, Cell Name=4G_TORKPOITOWN-2, eNodeB ID=5072, Cell FDD TDD indication=CELL_FDD",62314.339,498514711856.0,0,0.0026974586504492056,163,7784614.037823
2022-02-17,"4G_KISSYBARRACKS/Cell:eNodeB Function Name=4G_KISSYBARRACKS, Local Cell ID=8, Cell Name=4G_KISSYBARRACKS-8, eNodeB ID=5052, Cell FDD TDD indication=CELL_FDD",61957.202,495657619208.0,0,0.002681998929532556,164,7722656.835422
2022-02-17,"4G_LUNGIROTIFUNK/Cell:eNodeB Function Name=4G_LUNGIROTIFUNK, Local Cell ID=2, Cell Name=4G_LUNGIROTIFUNK-2, eNodeB ID=5115, Cell FDD TDD indication=CELL_FDD",61801.505,494412040504.0,0,0.0026752591289306597,165,7660855.330359
2022-02-17,"4G_JUBAHILL/Cell:eNodeB Function Name=4G_JUBAHILL, Local Cell ID=0, Cell Name=4G_JUBAHILL-1, eNodeB ID=5004, Cell FDD TDD indication=CELL_FDD",61725.63,493805042368.0,0,0.002671974657356584,166,7599129.700063
2022-02-17,"4G_MURRAYTOWNBARRACKS/Cell:eNodeB Function Name=4G_MURRAYTOWNBARRACKS, Local Cell ID=1, Cell Name=4G_MURRAYTOWNBARRACKS-1, eNodeB ID=5012, Cell FDD TDD indication=CELL_FDD",60871.45,486971603088.0,0,0.0026349989746001527,167,7538258.249677
2022-02-17,"4G_KENEMATOWN/Cell:eNodeB Function Name=4G_KENEMATOWN, Local Cell ID=2, Cell Name=4G_KENEMATOWN-2, eNodeB ID=5057, Cell FDD TDD indication=CELL_FDD",60868.734,486949868368.0,0,0.0026348814045863774,168,7477389.516131
2022-02-17,"4G_KINGTOM_II/Cell:eNodeB Function Name=4G_KINGTOM_II, Local Cell ID=8, Cell Name=4G_KINGTOM_II-8, eNodeB ID=5058, Cell FDD TDD indication=CELL_FDD",60711.961,485695684536.0,0,0.002628095026173427,169,7416677.555564
2022-02-17,"4G_DILLET/Cell:eNodeB Function Name=4G_DILLET, Local Cell ID=1, Cell Name=4G_DILLET-1, eNodeB ID=5069, Cell FDD TDD indication=CELL_FDD",60667.46,485339678608.0,0,0.002626168670067754,170,7356010.095738
2022-02-17,"4G_YOUYIBUILDING/Cell:eNodeB Function Name=4G_YOUYIBUILDING, Local Cell ID=7, Cell Name=4G_YOUYIBUILDING-7, eNodeB ID=5018, Cell FDD TDD indication=CELL_FDD",60664.531,485316250032.0,0,0.0026260418797252106,171,7295345.564484
2022-02-17,"4G_DUKESTREET_II/Cell:eNodeB Function Name=4G_DUKESTREET_II, Local Cell ID=2, Cell Name=4G_DUKESTREET_II-2, eNodeB ID=5010, Cell FDD TDD indication=CELL_FDD",60660.505,485284039064.0,0,0.0026258676025251153,172,7234685.059601
2022-02-17,"4G_COLEFARM_II/Cell:eNodeB Function Name=4G_COLEFARM_II, Local Cell ID=1, Cell Name=4G_COLEFARM_II-1, eNodeB ID=5008, Cell FDD TDD indication=CELL_FDD",60655.214,485241714584.0,0,0.0026256385660954817,173,7174029.845278
2022-02-17,"4G_ALLENTOWN/Cell:eNodeB Function Name=4G_ALLENTOWN, Local Cell ID=6, Cell Name=4G_ALLENTOWN-6, eNodeB ID=5021, Cell FDD TDD indication=CELL_FDD",60173.152,481385219736.0,0,0.0026047711007123886,174,7113856.692811
2022-02-17,"4G_CLINETOWN/Cell:eNodeB Function Name=4G_CLINETOWN, Local Cell ID=2, Cell Name=4G_CLINETOWN-2, eNodeB ID=5029, Cell FDD TDD indication=CELL_FDD",60039.471,480315769304.0,0,0.0025989843271440978,175,7053817.221648
2022-02-17,"4G_YOUYIBUILDING/Cell:eNodeB Function Name=4G_YOUYIBUILDING, Local Cell ID=6, Cell Name=4G_YOUYIBUILDING-6, eNodeB ID=5018, Cell FDD TDD indication=CELL_FDD",59959.063,479672502008.0,0,0.002595503631390183,176,6993858.158897
2022-02-17,"4G_MALAMA_II/Cell:eNodeB Function Name=4G_MALAMA_II, Local Cell ID=2, Cell Name=4G_MALAMA_II-2, eNodeB ID=5060, Cell FDD TDD indication=CELL_FDD",59624.01,476992076376.0,0,0.002580999881086277,177,6934234.14935
2022-02-17,"4G_SWISS_RELIEF/Cell:eNodeB Function Name=4G_SWISS_RELIEF, Local Cell ID=6, Cell Name=4G_SWISS_RELIEF-6, eNodeB ID=5068, Cell FDD TDD indication=CELL_FDD",59598.766,476790128752.0,0,0.0025799071206195094,178,6874635.383256
2022-02-17,"4G_OFF_LEICESTERROAD/Cell:eNodeB Function Name=4G_OFF_LEICESTERROAD, Local Cell ID=2, Cell Name=4G_OFF_LEICESTERROAD-2, eNodeB ID=5127, Cell FDD TDD indication=CELL_FDD",59106.548,472852386960.0,0,0.0025586000230346856,179,6815528.834886
2022-02-17,"4G_SPURROADMILITARY/Cell:eNodeB Function Name=4G_SPURROADMILITARY, Local Cell ID=7, Cell Name=4G_SPURROADMILITARY-7, eNodeB ID=5067, Cell FDD TDD indication=CELL_FDD",58658.978,469271826400.0,0,0.0025392256448810223,180,6756869.856586
2022-02-17,"4G_DWARZK/Cell:eNodeB Function Name=4G_DWARZK, Local Cell ID=2, Cell Name=4G_DWARZK-2, eNodeB ID=5024, Cell FDD TDD indication=CELL_FDD",58488.553,467908424520.0,0,0.002531848299668345,181,6698381.303521
2022-02-17,"4G_KISSY_II/Cell:eNodeB Function Name=4G_KISSY_II, Local Cell ID=7, Cell Name=4G_KISSY_II-7, eNodeB ID=5036, Cell FDD TDD indication=CELL_FDD",58400.971,467207769496.0,0,0.0025280570563154525,182,6639980.332334
2022-02-17,"4G_SPURROADMILITARY/Cell:eNodeB Function Name=4G_SPURROADMILITARY, Local Cell ID=2, Cell Name=4G_SPURROADMILITARY-2, eNodeB ID=5067, Cell FDD TDD indication=CELL_FDD",58221.815,465774520984.0,0,0.0025203017641991406,183,6581758.517211
2022-02-17,"4G_DUKESTREET_II/Cell:eNodeB Function Name=4G_DUKESTREET_II, Local Cell ID=6, Cell Name=4G_DUKESTREET_II-6, eNodeB ID=5010, Cell FDD TDD indication=CELL_FDD",58126.281,465010248232.0,0,0.0025161662952389065,184,6523632.236182
2022-02-17,"4G_GODRECHSTREET/Cell:eNodeB Function Name=4G_GODRECHSTREET, Local Cell ID=6, Cell Name=4G_GODRECHSTREET-6, eNodeB ID=5019, Cell FDD TDD indication=CELL_FDD",57493.412,459947292472.0,0,0.0024887707072242258,185,6466138.824623
2022-02-17,"4G_BARGBORHILL_II/Cell:eNodeB Function Name=4G_BARGBORHILL_II, Local Cell ID=1, Cell Name=4G_BARGBORHILL_II-1, eNodeB ID=5042, Cell FDD TDD indication=CELL_FDD",57216.035,457728277936.0,0,0.002476763631483831,186,6408922.789881
2022-02-17,"4G_SPURROADMILITARY/Cell:eNodeB Function Name=4G_SPURROADMILITARY, Local Cell ID=3, Cell Name=4G_SPURROADMILITARY-3, eNodeB ID=5067, Cell FDD TDD indication=CELL_FDD",56734.999,453879994832.0,0,0.002455940579515367,187,6352187.790527
2022-02-17,"4G_CITYROAD/Cell:eNodeB Function Name=4G_CITYROAD, Local Cell ID=3, Cell Name=4G_CITYROAD-3, eNodeB ID=5040, Cell FDD TDD indication=CELL_FDD",56688.718,453509743664.0,0,0.002453937170896984,188,6295499.072569
2022-02-17,"4G_KISSYBARRACKS/Cell:eNodeB Function Name=4G_KISSYBARRACKS, Local Cell ID=3, Cell Name=4G_KISSYBARRACKS-3, eNodeB ID=5052, Cell FDD TDD indication=CELL_FDD",56145.283,449162266192.0,0,0.002430412995478757,189,6239353.789295
2022-02-17,"4G_SPURROAD_II/Cell:eNodeB Function Name=4G_SPURROAD_II, Local Cell ID=13, Cell Name=4G_SPURROAD_II-31, eNodeB ID=5001, Cell FDD TDD indication=CELL_TDD",55699.624,445596993400.0,0,0.0024111213405564355,190,6183654.16512
2022-02-17,"4G_PORTLOKO_II/Cell:eNodeB Function Name=4G_PORTLOKO_II, Local Cell ID=3, Cell Name=4G_PORTLOKO_II-3, eNodeB ID=5049, Cell FDD TDD indication=CELL_FDD",55647.494,445179949864.0,0,0.0024088647408443227,191,6128006.671387
2022-02-17,"4G_KENNEDYSTREET/Cell:eNodeB Function Name=4G_KENNEDYSTREET, Local Cell ID=7, Cell Name=4G_KENNEDYSTREET-7, eNodeB ID=5027, Cell FDD TDD indication=CELL_FDD",54871.917,438975339544.0,0,0.0023752916191308844,192,6073134.753944
2022-02-17,"4G_LUNSAR_II/Cell:eNodeB Function Name=4G_LUNSAR_II, Local Cell ID=3, Cell Name=4G_LUNSAR_II-3, eNodeB ID=5047, Cell FDD TDD indication=CELL_FDD",54395.717,435165739376.0,0,0.0023546779075845916,193,6018739.036522
2022-02-17,"4G_SPURROAD_II/Cell:eNodeB Function Name=4G_SPURROAD_II, Local Cell ID=12, Cell Name=4G_SPURROAD_II-21, eNodeB ID=5001, Cell FDD TDD indication=CELL_TDD",54322.76,434582081904.0,0,0.0023515197501858456,194,5964416.276284
2022-02-17,"4G_RUTILE_II/Cell:eNodeB Function Name=4G_RUTILE_II, Local Cell ID=2, Cell Name=4G_RUTILE_II-2, eNodeB ID=5048, Cell FDD TDD indication=CELL_FDD",54103.228,432825823856.0,0,0.002342016664668876,195,5910313.048302
2022-02-17,"4G_SWISSHOTEL/Cell:eNodeB Function Name=4G_SWISSHOTEL, Local Cell ID=6, Cell Name=4G_SWISSHOTEL-6, eNodeB ID=5055, Cell FDD TDD indication=CELL_FDD",53937.959,431503671184.0,0,0.002334862512015486,196,5856375.089404
2022-02-17,"4G_YORK/Cell:eNodeB Function Name=4G_YORK, Local Cell ID=1, Cell Name=4G_YORK-1, eNodeB ID=5066, Cell FDD TDD indication=CELL_FDD",53250.596,426004764360.0,0,0.0023051079916257453,197,5803124.493859
2022-02-17,"4G_KISSYSHELL_II/Cell:eNodeB Function Name=4G_KISSYSHELL_II, Local Cell ID=2, Cell Name=4G_KISSYSHELL_II-2, eNodeB ID=5037, Cell FDD TDD indication=CELL_FDD",52882.795,423062358632.0,0,0.002289186648239693,198,5750241.69903
2022-02-17,"4G_HILLSTATION/Cell:eNodeB Function Name=4G_HILLSTATION, Local Cell ID=7, Cell Name=4G_HILLSTATION-7, eNodeB ID=5064, Cell FDD TDD indication=CELL_FDD",52374.457,418995654528.0,0,0.0022671817492476323,199,5697867.242214
2022-02-17,"4G_DWARZK/Cell:eNodeB Function Name=4G_DWARZK, Local Cell ID=1, Cell Name=4G_DWARZK-1, eNodeB ID=5024, Cell FDD TDD indication=CELL_FDD",52260.904,418087230192.0,0,0.002262266275103961,200,5645606.33844
2022-02-17,"4G_MMCE/Cell:eNodeB Function Name=4G_MMCE, Local Cell ID=1, Cell Name=4G_MMCE-1, eNodeB ID=5009, Cell FDD TDD indication=CELL_FDD",52207.844,417662753656.0,0,0.0022599694176183537,201,5593398.494233
2022-02-17,"4G_DILLET/Cell:eNodeB Function Name=4G_DILLET, Local Cell ID=3, Cell Name=4G_DILLET-3, eNodeB ID=5069, Cell FDD TDD indication=CELL_FDD",51922.136,415377088864.0,0,0.0022476017101457197,202,5541476.358125
2022-02-17,"4G_JUBAHILL/Cell:eNodeB Function Name=4G_JUBAHILL, Local Cell ID=1, Cell Name=4G_JUBAHILL-2, eNodeB ID=5004, Cell FDD TDD indication=CELL_FDD",51890.203,415121622288.0,0,0.0022462193967252918,203,5489586.155339
2022-02-17,"4G_LESTERPEAK_II/Cell:eNodeB Function Name=4G_LESTERPEAK_II, Local Cell ID=6, Cell Name=4G_LESTERPEAK_II-6, eNodeB ID=5000, Cell FDD TDD indication=CELL_FDD",51862.85,414902800800.0,0,0.002245035342017342,204,5437723.305239
2022-02-17,"4G_DWARZK/Cell:eNodeB Function Name=4G_DWARZK, Local Cell ID=7, Cell Name=4G_DWARZK-7, eNodeB ID=5024, Cell FDD TDD indication=CELL_FDD",51773.593,414188740752.0,0,0.002241171591384231,205,5385949.712645
2022-02-17,"4G_LESTERPEAK_II/Cell:eNodeB Function Name=4G_LESTERPEAK_II, Local Cell ID=0, Cell Name=4G_LESTERPEAK_II-1, eNodeB ID=5000, Cell FDD TDD indication=CELL_FDD",51670.059,413360470288.0,0,0.0022366898189960876,206,5334279.653859
2022-02-17,"4G_SWISSHOTEL/Cell:eNodeB Function Name=4G_SWISSHOTEL, Local Cell ID=3, Cell Name=4G_SWISSHOTEL-3, eNodeB ID=5055, Cell FDD TDD indication=CELL_FDD",51583.399,412667188984.0,0,0.0022329384871132615,207,5282696.255236
2022-02-17,"4G_KINGHARMAN/Cell:eNodeB Function Name=4G_KINGHARMAN, Local Cell ID=6, Cell Name=4G_KINGHARMAN-6, eNodeB ID=5054, Cell FDD TDD indication=CELL_FDD",51311.648,410493183072.0,0,0.0022211749492585435,208,5231384.607352
2022-02-17,"4G_BYRNELANECOLLIGATE/Cell:eNodeB Function Name=4G_BYRNELANECOLLIGATE, Local Cell ID=3, Cell Name=4G_BYRNELANECOLLIGATE-3, eNodeB ID=5056, Cell FDD TDD indication=CELL_FDD",51308.877,410471017664.0,0,0.0022210549984087013,209,5180075.730144
2022-02-17,"4G_BYRNELANECOLLIGATE/Cell:eNodeB Function Name=4G_BYRNELANECOLLIGATE, Local Cell ID=8, Cell Name=4G_BYRNELANECOLLIGATE-8, eNodeB ID=5056, Cell FDD TDD indication=CELL_FDD",50951.886,407615088736.0,0,0.0022056015975296115,210,5129123.844052
2022-02-17,"4G_OAU_II/Cell:eNodeB Function Name=4G_OAU_II, Local Cell ID=7, Cell Name=4G_OAU_II-7, eNodeB ID=5013, Cell FDD TDD indication=CELL_FDD",50680.482,405443857416.0,0,0.002193853080586079,211,5078443.361875
2022-02-17,"4G_KROOTOWNROAD/Cell:eNodeB Function Name=4G_KROOTOWNROAD, Local Cell ID=7, Cell Name=4G_KROOTOWNROAD-7, eNodeB ID=5070, Cell FDD TDD indication=CELL_FDD",50618.396,404947166696.0,0,0.0021911655062579333,212,5027824.966038
2022-02-17,"4G_CONGOTOWN/Cell:eNodeB Function Name=4G_CONGOTOWN, Local Cell ID=6, Cell Name=4G_CONGOTOWN-6, eNodeB ID=5007, Cell FDD TDD indication=CELL_FDD",50137.837,401102692304.0,0,0.002170363102631358,213,4977687.1295
2022-02-17,"4G_CLINETOWN/Cell:eNodeB Function Name=4G_CLINETOWN, Local Cell ID=8, Cell Name=4G_CLINETOWN-8, eNodeB ID=5029, Cell FDD TDD indication=CELL_FDD",50000.78,400006242824.0,0,0.00216443018901649,214,4927686.349147
2022-02-17,"4G_COLEFARM_II/Cell:eNodeB Function Name=4G_COLEFARM_II, Local Cell ID=6, Cell Name=4G_COLEFARM_II-6, eNodeB ID=5008, Cell FDD TDD indication=CELL_FDD",49891.906,399135244008.0,0,0.002159717259090217,215,4877794.443646
2022-02-17,"4G_MURRAYTOWNBARRACKS/Cell:eNodeB Function Name=4G_MURRAYTOWNBARRACKS, Local Cell ID=6, Cell Name=4G_MURRAYTOWNBARRACKS-6, eNodeB ID=5012, Cell FDD TDD indication=CELL_FDD",49472.212,395777697112.0,0,0.0021415495752311036,216,4828322.231507
2022-02-17,"4G_BOTOWN/Cell:eNodeB Function Name=4G_BOTOWN, Local Cell ID=3, Cell Name=4G_BOTOWN-3, eNodeB ID=5041, Cell FDD TDD indication=CELL_FDD",49145.925,393167400760.0,0,0.002127425286908329,217,4779176.306412
2022-02-17,"4G_ROCKELBANK/Cell:eNodeB Function Name=4G_ROCKELBANK, Local Cell ID=2, Cell Name=4G_ROCKELBANK-2, eNodeB ID=5038, Cell FDD TDD indication=CELL_FDD",49109.829,392878630040.0,0,0.002125862765841603,218,4730066.477657
2022-02-17,"4G_KISSYHOUSE/Cell:eNodeB Function Name=4G_KISSYHOUSE, Local Cell ID=6, Cell Name=4G_KISSYHOUSE-6, eNodeB ID=5053, Cell FDD TDD indication=CELL_FDD",48713.492,389707938616.0,0,0.0021087061581281986,219,4681352.98533
2022-02-17,"4G_DUNDASTREET/Cell:eNodeB Function Name=4G_DUNDASTREET, Local Cell ID=7, Cell Name=4G_DUNDASTREET-7, eNodeB ID=5020, Cell FDD TDD indication=CELL_FDD",48547.214,388377708848.0,0,0.0021015083279549637,220,4632805.771724
2022-02-17,"4G_SLCB_II/Cell:eNodeB Function Name=4G_SLCB_II, Local Cell ID=0, Cell Name=4G_SLCB_II-1, eNodeB ID=5002, Cell FDD TDD indication=CELL_FDD",47932.244,383457949152.0,0,0.0020748875505723014,221,4584873.52808
2022-02-17,"4G_HILLSTATION/Cell:eNodeB Function Name=4G_HILLSTATION, Local Cell ID=2, Cell Name=4G_HILLSTATION-2, eNodeB ID=5064, Cell FDD TDD indication=CELL_FDD",47844.325,382754597136.0,0,0.002071081719187508,222,4537029.203438
2022-02-17,"4G_GODRECHSTREET/Cell:eNodeB Function Name=4G_GODRECHSTREET, Local Cell ID=1, Cell Name=4G_GODRECHSTREET-1, eNodeB ID=5019, Cell FDD TDD indication=CELL_FDD",47322.245,378577962248.0,0,0.002048481957482156,223,4489706.958157
2022-02-17,"4G_MARJAYTOWN_II/Cell:eNodeB Function Name=4G_MARJAYTOWN_II, Local Cell ID=8, Cell Name=4G_MARJAYTOWN_II-8, eNodeB ID=5065, Cell FDD TDD indication=CELL_FDD",47070.094,376560751800.0,0,0.002037566863025816,224,4442636.864182
2022-02-17,"4G_KENEMATOWN/Cell:eNodeB Function Name=4G_KENEMATOWN, Local Cell ID=3, Cell Name=4G_KENEMATOWN-3, eNodeB ID=5057, Cell FDD TDD indication=CELL_FDD",47023.309,376186471392.0,0,0.0020355416372914745,225,4395613.555258
2022-02-17,"4G_ALLENTOWN_II/Cell:eNodeB Function Name=4G_ALLENTOWN_II, Local Cell ID=7, Cell Name=4G_ALLENTOWN_II-7, eNodeB ID=5034, Cell FDD TDD indication=CELL_FDD",47013.62,376108963360.0,0,0.002035122220552348,226,4348599.934838
2022-02-17,"4G_ADONKIA/Cell:eNodeB Function Name=4G_ADONKIA, Local Cell ID=1, Cell Name=4G_ADONKIA-1, eNodeB ID=5059, Cell FDD TDD indication=CELL_FDD",46597.132,372777059760.0,0,0.002017093317791969,227,4302002.802368
2022-02-17,"4G_MARAMPA/Cell:eNodeB Function Name=4G_MARAMPA, Local Cell ID=2, Cell Name=4G_MARAMPA-2, eNodeB ID=5107, Cell FDD TDD indication=CELL_FDD",46374.745,370997962104.0,0,0.002007466645239165,228,4255628.057105
2022-02-17,"4G_KROOTOWNROAD/Cell:eNodeB Function Name=4G_KROOTOWNROAD, Local Cell ID=1, Cell Name=4G_KROOTOWNROAD-1, eNodeB ID=5070, Cell FDD TDD indication=CELL_FDD",46373.203,370985622872.0,0,0.002007399895253435,229,4209254.854246
2022-02-17,"4G_COLEFARM_II/Cell:eNodeB Function Name=4G_COLEFARM_II, Local Cell ID=2, Cell Name=4G_COLEFARM_II-2, eNodeB ID=5008, Cell FDD TDD indication=CELL_FDD",46198.999,369591993592.0,0,0.001999858964958999,230,4163055.855047
2022-02-17,"4G_KISSYBARRACKS/Cell:eNodeB Function Name=4G_KISSYBARRACKS, Local Cell ID=7, Cell Name=4G_KISSYBARRACKS-7, eNodeB ID=5052, Cell FDD TDD indication=CELL_FDD",46035.74,368285922368.0,0,0.0019927918210418715,231,4117020.114751
2022-02-17,"4G_KINGHARMAN/Cell:eNodeB Function Name=4G_KINGHARMAN, Local Cell ID=1, Cell Name=4G_KINGHARMAN-1, eNodeB ID=5054, Cell FDD TDD indication=CELL_FDD",45933.375,367467000760.0,0,0.001988360652242131,232,4071086.739656
2022-02-17,"4G_KINGTOM_II/Cell:eNodeB Function Name=4G_KINGTOM_II, Local Cell ID=2, Cell Name=4G_KINGTOM_II-2, eNodeB ID=5058, Cell FDD TDD indication=CELL_FDD",45544.914,364359313368.0,0,0.001971544980253504,233,4025541.825485
2022-02-17,"4G_DWARZK/Cell:eNodeB Function Name=4G_DWARZK, Local Cell ID=3, Cell Name=4G_DWARZK-3, eNodeB ID=5024, Cell FDD TDD indication=CELL_FDD",45445.226,363561811608.0,0,0.0019672296932383274,234,3980096.599034
2022-02-17,"4G_BYRNELANECOLLIGATE/Cell:eNodeB Function Name=4G_BYRNELANECOLLIGATE, Local Cell ID=1, Cell Name=4G_BYRNELANECOLLIGATE-1, eNodeB ID=5056, Cell FDD TDD indication=CELL_FDD",45102.392,360819134984.0,0,0.0019523891195628513,235,3934994.207161
2022-02-17,"4G_COLLEGIATESCHOOL_II/Cell:eNodeB Function Name=4G_COLLEGIATESCHOOL_II, Local Cell ID=2, Cell Name=4G_COLLEGIATESCHOOL_II-2, eNodeB ID=5017, Cell FDD TDD indication=CELL_FDD",44898.289,359186308464.0,0,0.0019435539234945332,236,3890095.918603
2022-02-17,"4G_GODERICH/Cell:eNodeB Function Name=4G_GODERICH, Local Cell ID=6, Cell Name=4G_GODERICH-6, eNodeB ID=5016, Cell FDD TDD indication=CELL_FDD",44443.663,355549305832.0,0,0.0019238741057174544,237,3845652.255374
2022-02-17,"4G_DUKESTREET_II/Cell:eNodeB Function Name=4G_DUKESTREET_II, Local Cell ID=7, Cell Name=4G_DUKESTREET_II-7, eNodeB ID=5010, Cell FDD TDD indication=CELL_FDD",44373.483,354987864216.0,0,0.0019208361588961213,238,3801278.772347
2022-02-17,"4G_HILLSTATION/Cell:eNodeB Function Name=4G_HILLSTATION, Local Cell ID=3, Cell Name=4G_HILLSTATION-3, eNodeB ID=5064, Cell FDD TDD indication=CELL_FDD",43809.287,350474292656.0,0,0.0018964132827945415,239,3757469.485765
2022-02-17,"4G_ABERDEEN/Cell:eNodeB Function Name=4G_ABERDEEN, Local Cell ID=2, Cell Name=4G_ABERDEEN-2, eNodeB ID=5104, Cell FDD TDD indication=CELL_FDD",43572.593,348580747256.0,0,0.00188616728984885,240,3713896.892358
2022-02-17,"4G_WILKINSONROAD/Cell:eNodeB Function Name=4G_WILKINSONROAD, Local Cell ID=3, Cell Name=4G_WILKINSONROAD-3, eNodeB ID=5005, Cell FDD TDD indication=CELL_FDD",43546.578,348372623952.0,0,0.001885041154389218,241,3670350.314364
2022-02-17,"4G_ECOWASST/Cell:eNodeB Function Name=4G_ECOWASST, Local Cell ID=2, Cell Name=4G_ECOWASST-2, eNodeB ID=5063, Cell FDD TDD indication=CELL_FDD",43545.51,348364081312.0,0,0.0018849949228815922,242,3626804.8042
2022-02-17,"4G_LOKKOHTOWN/Cell:eNodeB Function Name=4G_LOKKOHTOWN, Local Cell ID=6, Cell Name=4G_LOKKOHTOWN-6, eNodeB ID=5022, Cell FDD TDD indication=CELL_FDD",43491.522,347932178680.0,0,0.0018826578941983471,243,3583313.281865
2022-02-17,"4G_DILLET/Cell:eNodeB Function Name=4G_DILLET, Local Cell ID=8, Cell Name=4G_DILLET-8, eNodeB ID=5069, Cell FDD TDD indication=CELL_FDD",43453.656,347629249080.0,0,0.001881018753498196,244,3539859.62573
2022-02-17,"4G_KISSYHOUSE/Cell:eNodeB Function Name=4G_KISSYHOUSE, Local Cell ID=2, Cell Name=4G_KISSYHOUSE-2, eNodeB ID=5053, Cell FDD TDD indication=CELL_FDD",43378.125,347025002272.0,0,0.00187774917297152,245,3496481.500446
2022-02-17,"4G_BOTOWN/Cell:eNodeB Function Name=4G_BOTOWN, Local Cell ID=2, Cell Name=4G_BOTOWN-2, eNodeB ID=5041, Cell FDD TDD indication=CELL_FDD",43350.519,346804154592.0,0,0.0018765541664176625,246,3453130.981122
2022-02-17,"4G_SPURROAD_II/Cell:eNodeB Function Name=4G_SPURROAD_II, Local Cell ID=2, Cell Name=4G_SPURROAD_II-3, eNodeB ID=5001, Cell FDD TDD indication=CELL_FDD",43233.957,345871652296.0,0,0.001871508438897169,247,3409897.024585
2022-02-17,"4G_KINGTOM_II/Cell:eNodeB Function Name=4G_KINGTOM_II, Local Cell ID=7, Cell Name=4G_KINGTOM_II-7, eNodeB ID=5058, Cell FDD TDD indication=CELL_FDD",43169.653,345357224040.0,0,0.0018687248519436352,248,3366727.37158
2022-02-17,"4G_CONGOTOWN/Cell:eNodeB Function Name=4G_CONGOTOWN, Local Cell ID=1, Cell Name=4G_CONGOTOWN-1, eNodeB ID=5007, Cell FDD TDD indication=CELL_FDD",43022.812,344182498784.0,0,0.0018623684092364341,249,3323704.559232
2022-02-17,"4G_KOSSOHTOWN_II/Cell:eNodeB Function Name=4G_KOSSOHTOWN_II, Local Cell ID=7, Cell Name=4G_KOSSOHTOWN_II-7, eNodeB ID=5031, Cell FDD TDD indication=CELL_FDD",42977.336,343818686280.0,0,0.0018603998474004844,250,3280727.223447
2022-02-17,"4G_WILBERFORCEMSC/Cell:eNodeB Function Name=4G_WILBERFORCEMSC, Local Cell ID=8, Cell Name=4G_WILBERFORCEMSC-8, eNodeB ID=5003, Cell FDD TDD indication=CELL_FDD",42582.338,340658704096.0,0,0.0018433012022233265,251,3238144.885435
2022-02-17,"4G_SLCB_II/Cell:eNodeB Function Name=4G_SLCB_II, Local Cell ID=1, Cell Name=4G_SLCB_II-2, eNodeB ID=5002, Cell FDD TDD indication=CELL_FDD",41805.239,334441913024.0,0,0.0018096621962827286,252,3196339.646307
2022-02-17,"4G_TORKPOITOWN/Cell:eNodeB Function Name=4G_TORKPOITOWN, Local Cell ID=1, Cell Name=4G_TORKPOITOWN-1, eNodeB ID=5072, Cell FDD TDD indication=CELL_FDD",41656.424,333251394016.0,0,0.0018032203032046909,253,3154683.222055
2022-02-17,"4G_LUNGIAIRPORT/Cell:eNodeB Function Name=4G_LUNGIAIRPORT, Local Cell ID=7, Cell Name=4G_LUNGIAIRPORT-7, eNodeB ID=5015, Cell FDD TDD indication=CELL_FDD",41642.265,333138121288.0,0,0.0018026073894252203,254,3113040.956894
2022-02-17,"4G_KISSYROAD/Cell:eNodeB Function Name=4G_KISSYROAD, Local Cell ID=7, Cell Name=4G_KISSYROAD-7, eNodeB ID=5011, Cell FDD TDD indication=CELL_FDD",41266.562,330132499064.0,0,0.0017863439848282508,255,3071774.394511
2022-02-17,"4G_ECOWASST/Cell:eNodeB Function Name=4G_ECOWASST, Local Cell ID=7, Cell Name=4G_ECOWASST-7, eNodeB ID=5063, Cell FDD TDD indication=CELL_FDD",41141.218,329129740456.0,0,0.00178091810271977,256,3030633.176954
2022-02-17,"4G_KENNEDYSTREET/Cell:eNodeB Function Name=4G_KENNEDYSTREET, Local Cell ID=3, Cell Name=4G_KENNEDYSTREET-3, eNodeB ID=5027, Cell FDD TDD indication=CELL_FDD",40749.752,325998017320.0,0,0.0017639723505060339,257,2989883.424789
2022-02-17,"4G_YOUYIBUILDING/Cell:eNodeB Function Name=4G_YOUYIBUILDING, Local Cell ID=2, Cell Name=4G_YOUYIBUILDING-2, eNodeB ID=5018, Cell FDD TDD indication=CELL_FDD",40526.323,324210583584.0,0,0.0017543005719317442,258,2949357.101841
2022-02-17,"4G_KISSYSHELL_II/Cell:eNodeB Function Name=4G_KISSYSHELL_II, Local Cell ID=6, Cell Name=4G_KISSYSHELL_II-6, eNodeB ID=5037, Cell FDD TDD indication=CELL_FDD",40387.669,323101355392.0,0,0.0017482985274950796,259,2908969.432417
2022-02-17,"4G_KROOTOWNROAD/Cell:eNodeB Function Name=4G_KROOTOWNROAD, Local Cell ID=2, Cell Name=4G_KROOTOWNROAD-2, eNodeB ID=5070, Cell FDD TDD indication=CELL_FDD",40197.301,321578410128.0,0,0.0017400578911245532,260,2868772.131151
2022-02-17,"4G_KISSYHOUSE/Cell:eNodeB Function Name=4G_KISSYHOUSE, Local Cell ID=3, Cell Name=4G_KISSYHOUSE-3, eNodeB ID=5053, Cell FDD TDD indication=CELL_FDD",40123.826,320990608048.0,0,0.0017368773105788501,261,2828648.305145
2022-02-17,"4G_KINGTOM_II/Cell:eNodeB Function Name=4G_KINGTOM_II, Local Cell ID=3, Cell Name=4G_KINGTOM_II-3, eNodeB ID=5058, Cell FDD TDD indication=CELL_FDD",40033.654,320269229328.0,0,0.001732973951491172,262,2788614.651479
2022-02-17,"4G_DUNDASTREET/Cell:eNodeB Function Name=4G_DUNDASTREET, Local Cell ID=2, Cell Name=4G_DUNDASTREET-2, eNodeB ID=5020, Cell FDD TDD indication=CELL_FDD",40000.078,320000624280.0,0,0.0017315205160042372,263,2748614.573444
2022-02-17,"4G_REGENT/Cell:eNodeB Function Name=4G_REGENT, Local Cell ID=2, Cell Name=4G_REGENT-2, eNodeB ID=5125, Cell FDD TDD indication=CELL_FDD",39761.522,318092174016.0,0,0.0017211939209356999,264,2708853.051692
2022-02-17,"4G_JUITOWN_II/Cell:eNodeB Function Name=4G_JUITOWN_II, Local Cell ID=7, Cell Name=4G_JUITOWN_II-7, eNodeB ID=5032, Cell FDD TDD indication=CELL_FDD",39394.297,315154379472.0,0,0.001705297511396457,265,2669458.754258
2022-02-17,"4G_LUNGIAIRPORT/Cell:eNodeB Function Name=4G_LUNGIAIRPORT, Local Cell ID=3, Cell Name=4G_LUNGIAIRPORT-3, eNodeB ID=5015, Cell FDD TDD indication=CELL_FDD",39269.225,314153800256.0,0,0.0016998834036045251,266,2630189.529226
2022-02-17,"4G_DUNDASTREET/Cell:eNodeB Function Name=4G_DUNDASTREET, Local Cell ID=6, Cell Name=4G_DUNDASTREET-6, eNodeB ID=5020, Cell FDD TDD indication=CELL_FDD",39013.809,312110473696.0,0,0.0016888269740616693,267,2591175.720014
2022-02-17,"4G_MALAMA_II/Cell:eNodeB Function Name=4G_MALAMA_II, Local Cell ID=8, Cell Name=4G_MALAMA_II-8, eNodeB ID=5060, Cell FDD TDD indication=CELL_FDD",38539.349,308314791888.0,0,0.0016682885835109466,268,2552636.371028
2022-02-17,"4G_MALAMA_II/Cell:eNodeB Function Name=4G_MALAMA_II, Local Cell ID=6, Cell Name=4G_MALAMA_II-6, eNodeB ID=5060, Cell FDD TDD indication=CELL_FDD",38349.448,306795586048.0,0,0.0016600681626030244,269,2514286.922772
2022-02-17,"4G_BYRNELANECOLLIGATE/Cell:eNodeB Function Name=4G_BYRNELANECOLLIGATE, Local Cell ID=6, Cell Name=4G_BYRNELANECOLLIGATE-6, eNodeB ID=5056, Cell FDD TDD indication=CELL_FDD",37921.879,303375030616.0,0,0.001641559586307063,270,2476365.043945
2022-02-17,"4G_MALAMA_II/Cell:eNodeB Function Name=4G_MALAMA_II, Local Cell ID=3, Cell Name=4G_MALAMA_II-3, eNodeB ID=5060, Cell FDD TDD indication=CELL_FDD",37914.741,303317924408.0,0,0.0016412505970735108,271,2438450.303394
2022-02-17,"4G_MURRAYTOWNBARRACKS/Cell:eNodeB Function Name=4G_MURRAYTOWNBARRACKS, Local Cell ID=8, Cell Name=4G_MURRAYTOWNBARRACKS-8, eNodeB ID=5012, Cell FDD TDD indication=CELL_FDD",37286.509,298292071960.0,0,0.0016140557351832323,272,2401163.794399
2022-02-17,"4G_KOSSOHTOWN_II/Cell:eNodeB Function Name=4G_KOSSOHTOWN_II, Local Cell ID=8, Cell Name=4G_KOSSOHTOWN_II-8, eNodeB ID=5031, Cell FDD TDD indication=CELL_FDD",37192.605,297540837032.0,0,0.0016099908255464345,273,2363971.18977
2022-02-17,"4G_ADONKIA/Cell:eNodeB Function Name=4G_ADONKIA, Local Cell ID=6, Cell Name=4G_ADONKIA-6, eNodeB ID=5059, Cell FDD TDD indication=CELL_FDD",37174.752,297398013416.0,0,0.0016092180061591267,274,2326796.438093
2022-02-17,"4G_CITYROAD/Cell:eNodeB Function Name=4G_CITYROAD, Local Cell ID=2, Cell Name=4G_CITYROAD-2, eNodeB ID=5040, Cell FDD TDD indication=CELL_FDD",37133.961,297071691504.0,0,0.0016074522482681464,275,2289662.476655
2022-02-17,"4G_JUBAHILL/Cell:eNodeB Function Name=4G_JUBAHILL, Local Cell ID=8, Cell Name=4G_JUBAHILL-8, eNodeB ID=5004, Cell FDD TDD indication=CELL_FDD",35955.108,287640866216.0,0,0.0015564221439055212,276,2253707.368378
2022-02-17,"4G_KINGHARMAN/Cell:eNodeB Function Name=4G_KINGHARMAN, Local Cell ID=3, Cell Name=4G_KINGHARMAN-3, eNodeB ID=5054, Cell FDD TDD indication=CELL_FDD",35924.842,287398733536.0,0,0.0015551119914618838,277,2217782.526686
2022-02-17,"4G_COLEFARM_II/Cell:eNodeB Function Name=4G_COLEFARM_II, Local Cell ID=3, Cell Name=4G_COLEFARM_II-3, eNodeB ID=5008, Cell FDD TDD indication=CELL_FDD",35858.365,286866919568.0,0,0.0015522343398397442,278,2181924.16174
2022-02-17,"4G_LUNGIAIRPORT/Cell:eNodeB Function Name=4G_LUNGIAIRPORT, Local Cell ID=1, Cell Name=4G_LUNGIAIRPORT-1, eNodeB ID=5015, Cell FDD TDD indication=CELL_FDD",35766.015,286128120432.0,0,0.0015482366996438179,279,2146158.146686
2022-02-17,"4G_MURRAYTOWNBARRACKS/Cell:eNodeB Function Name=4G_MURRAYTOWNBARRACKS, Local Cell ID=3, Cell Name=4G_MURRAYTOWNBARRACKS-3, eNodeB ID=5012, Cell FDD TDD indication=CELL_FDD",35499.836,283998691120.0,0,0.0015367143621266388,280,2110658.310296
2022-02-17,"4G_LESTERPEAK_II/Cell:eNodeB Function Name=4G_LESTERPEAK_II, Local Cell ID=1, Cell Name=4G_LESTERPEAK_II-2, eNodeB ID=5000, Cell FDD TDD indication=CELL_FDD",35457.976,283663805768.0,0,0.001534902329440104,281,2075200.334575
2022-02-17,"4G_SWISS_RELIEF/Cell:eNodeB Function Name=4G_SWISS_RELIEF, Local Cell ID=2, Cell Name=4G_SWISS_RELIEF-2, eNodeB ID=5068, Cell FDD TDD indication=CELL_FDD",35416.851,283334809936.0,0,0.0015331221133810084,282,2039783.483333
2022-02-17,"4G_LUNGITOWN/Cell:eNodeB Function Name=4G_LUNGITOWN, Local Cell ID=3, Cell Name=4G_LUNGITOWN-3, eNodeB ID=5116, Cell FDD TDD indication=CELL_FDD",34973.799,279790394016.0,0,0.0015139433100882572,283,2004809.684081
2022-02-17,"4G_LUNSAR_II/Cell:eNodeB Function Name=4G_LUNSAR_II, Local Cell ID=1, Cell Name=4G_LUNSAR_II-1, eNodeB ID=5047, Cell FDD TDD indication=CELL_FDD",34801.788,278414307288.0,0,0.0015064973102209968,284,1970007.89567
2022-02-17,"4G_KINGHARMAN/Cell:eNodeB Function Name=4G_KINGHARMAN, Local Cell ID=8, Cell Name=4G_KINGHARMAN-8, eNodeB ID=5054, Cell FDD TDD indication=CELL_FDD",34553.528,276428221328.0,0,0.0014957506490944057,285,1935454.368004
2022-02-17,"4G_PALMRESORT/Cell:eNodeB Function Name=4G_PALMRESORT, Local Cell ID=3, Cell Name=4G_PALMRESORT-3, eNodeB ID=5025, Cell FDD TDD indication=CELL_FDD",34099.258,272794062984.0,0,0.0014760862418198688,286,1901355.110131
2022-02-17,"4G_HILLSTATION/Cell:eNodeB Function Name=4G_HILLSTATION, Local Cell ID=8, Cell Name=4G_HILLSTATION-8, eNodeB ID=5064, Cell FDD TDD indication=CELL_FDD",33296.085,266368678296.0,0,0.001441318546431858,287,1868059.025344
2022-02-17,"4G_LAKKA_II/Cell:eNodeB Function Name=4G_LAKKA_II, Local Cell ID=1, Cell Name=4G_LAKKA_II-1, eNodeB ID=5103, Cell FDD TDD indication=CELL_FDD",33091.585,264732683192.0,0,0.00143246616505593,288,1834967.439945
2022-02-17,"4G_SPURROAD_II/Cell:eNodeB Function Name=4G_SPURROAD_II, Local Cell ID=1, Cell Name=4G_SPURROAD_II-2, eNodeB ID=5001, Cell FDD TDD indication=CELL_FDD",32865.522,262924174144.0,0,0.0014226803660780014,289,1802101.918177
2022-02-17,"4G_BINTUMANI/Cell:eNodeB Function Name=4G_BINTUMANI, Local Cell ID=1, Cell Name=4G_BINTUMANI-1, eNodeB ID=5006, Cell FDD TDD indication=CELL_FDD",32046.6,256372797360.0,0,0.001387230929104223,290,1770055.318507
2022-02-17,"4G_BARGBORHILL_II/Cell:eNodeB Function Name=4G_BARGBORHILL_II, Local Cell ID=2, Cell Name=4G_BARGBORHILL_II-2, eNodeB ID=5042, Cell FDD TDD indication=CELL_FDD",31721.055,253768442856.0,0,0.0013731387604243867,291,1738334.26315
2022-02-17,"4G_ECOWASST/Cell:eNodeB Function Name=4G_ECOWASST, Local Cell ID=6, Cell Name=4G_ECOWASST-6, eNodeB ID=5063, Cell FDD TDD indication=CELL_FDD",31560.312,252482499088.0,0,0.0013661805289353365,292,1706773.950764
2022-02-17,"4G_JUITOWN_II/Cell:eNodeB Function Name=4G_JUITOWN_II, Local Cell ID=2, Cell Name=4G_JUITOWN_II-2, eNodeB ID=5032, Cell FDD TDD indication=CELL_FDD",31251.826,250014609600.0,0,0.0013528268090275883,293,1675522.124564
2022-02-17,"4G_KISSYSHELL_II/Cell:eNodeB Function Name=4G_KISSYSHELL_II, Local Cell ID=7, Cell Name=4G_KISSYSHELL_II-7, eNodeB ID=5037, Cell FDD TDD indication=CELL_FDD",30708.945,245671558696.0,0,0.001329326615121744,294,1644813.179727
2022-02-17,"4G_CLINETOWN/Cell:eNodeB Function Name=4G_CLINETOWN, Local Cell ID=7, Cell Name=4G_CLINETOWN-7, eNodeB ID=5029, Cell FDD TDD indication=CELL_FDD",30350.725,242805799672.0,0,0.0013138200133785414,295,1614462.454768
2022-02-17,"4G_LESTERPEAK_II/Cell:eNodeB Function Name=4G_LESTERPEAK_II, Local Cell ID=7, Cell Name=4G_LESTERPEAK_II-7, eNodeB ID=5000, Cell FDD TDD indication=CELL_FDD",30136.252,241090012504.0,0,0.0013045359214917962,296,1584326.203205
2022-02-17,"4G_KALABATOWN/Cell:eNodeB Function Name=4G_KALABATOWN, Local Cell ID=7, Cell Name=4G_KALABATOWN-7, eNodeB ID=5035, Cell FDD TDD indication=CELL_FDD",29994.78,239958241312.0,0,0.0012984118916726506,297,1554331.423041
2022-02-17,"4G_DAMAROAD/Cell:eNodeB Function Name=4G_DAMAROAD, Local Cell ID=2, Cell Name=4G_DAMAROAD-2, eNodeB ID=5043, Cell FDD TDD indication=CELL_FDD",29807.184,238457471984.0,0,0.0012902912494398946,298,1524524.239043
2022-02-17,"4G_DILLET/Cell:eNodeB Function Name=4G_DILLET, Local Cell ID=2, Cell Name=4G_DILLET-2, eNodeB ID=5069, Cell FDD TDD indication=CELL_FDD",29132.343,233058747896.0,0,0.0012610787804906887,299,1495391.895556
2022-02-17,"4G_PORTLOKO_II/Cell:eNodeB Function Name=4G_PORTLOKO_II, Local Cell ID=1, Cell Name=4G_PORTLOKO_II-1, eNodeB ID=5049, Cell FDD TDD indication=CELL_FDD",28818.975,230551798768.0,0,0.0012475137289160588,300,1466572.92071
2022-02-17,"4G_OFF_LEICESTERROAD/Cell:eNodeB Function Name=4G_OFF_LEICESTERROAD, Local Cell ID=1, Cell Name=4G_OFF_LEICESTERROAD-1, eNodeB ID=5127, Cell FDD TDD indication=CELL_FDD",28676.544,229412350592.0,0,0.0012413481859734927,301,1437896.376886
2022-02-17,"4G_IMATT_II/Cell:eNodeB Function Name=4G_IMATT_II, Local Cell ID=1, Cell Name=4G_IMATT_II-1, eNodeB ID=5030, Cell FDD TDD indication=CELL_FDD",28559.282,228474259064.0,0,0.001236272156903057,302,1409337.094503
2022-02-17,"4G_SPURROAD_II/Cell:eNodeB Function Name=4G_SPURROAD_II, Local Cell ID=6, Cell Name=4G_SPURROAD_II-6, eNodeB ID=5001, Cell FDD TDD indication=CELL_FDD",28485.295,227882357048.0,0,0.0012330694129379677,303,1380851.799872
2022-02-17,"4G_BOTOWN/Cell:eNodeB Function Name=4G_BOTOWN, Local Cell ID=7, Cell Name=4G_BOTOWN-7, eNodeB ID=5041, Cell FDD TDD indication=CELL_FDD",28404.528,227236220816.0,0,0.0012295731768177253,304,1352447.27227
2022-02-17,"4G_SPURROAD_II/Cell:eNodeB Function Name=4G_SPURROAD_II, Local Cell ID=8, Cell Name=4G_SPURROAD_II-8, eNodeB ID=5001, Cell FDD TDD indication=CELL_FDD",28188.337,225506698352.0,0,0.0012202147162698365,305,1324258.934976
2022-02-17,"4G_KISSY_II/Cell:eNodeB Function Name=4G_KISSY_II, Local Cell ID=1, Cell Name=4G_KISSY_II-1, eNodeB ID=5036, Cell FDD TDD indication=CELL_FDD",28150.182,225201454144.0,0,0.0012185630653583522,306,1296108.753208
2022-02-17,"4G_WILKINSONROAD/Cell:eNodeB Function Name=4G_WILKINSONROAD, Local Cell ID=1, Cell Name=4G_WILKINSONROAD-1, eNodeB ID=5005, Cell FDD TDD indication=CELL_FDD",28140.55,225124400592.0,0,0.0012181461160311496,307,1267968.203134
2022-02-17,"4G_LUNGIAIRPORT/Cell:eNodeB Function Name=4G_LUNGIAIRPORT, Local Cell ID=6, Cell Name=4G_LUNGIAIRPORT-6, eNodeB ID=5015, Cell FDD TDD indication=CELL_FDD",27958.031,223664251344.0,0,0.0012102452466113305,308,1240010.171716
2022-02-17,"4G_ECOWASST/Cell:eNodeB Function Name=4G_ECOWASST, Local Cell ID=1, Cell Name=4G_ECOWASST-1, eNodeB ID=5063, Cell FDD TDD indication=CELL_FDD",27940.486,223523885912.0,0,0.0012094857599059972,309,1212069.685977
2022-02-17,"4G_KENEMATOWN/Cell:eNodeB Function Name=4G_KENEMATOWN, Local Cell ID=7, Cell Name=4G_KENEMATOWN-7, eNodeB ID=5057, Cell FDD TDD indication=CELL_FDD",27880.435,223043479232.0,0,0.0012068862765123257,310,1184189.251073
2022-02-17,"4G_KENNEDYSTREET/Cell:eNodeB Function Name=4G_KENNEDYSTREET, Local Cell ID=1, Cell Name=4G_KENNEDYSTREET-1, eNodeB ID=5027, Cell FDD TDD indication=CELL_FDD",27259.845,218078760744.0,0,0.0011800222209715572,311,1156929.40598
2022-02-17,"4G_BYRNELANECOLLIGATE/Cell:eNodeB Function Name=4G_BYRNELANECOLLIGATE, Local Cell ID=2, Cell Name=4G_BYRNELANECOLLIGATE-2, eNodeB ID=5056, Cell FDD TDD indication=CELL_FDD",27248.619,217988950392.0,0,0.0011795362706863437,312,1129680.787181
2022-02-17,"4G_KINGHARMAN/Cell:eNodeB Function Name=4G_KINGHARMAN, Local Cell ID=7, Cell Name=4G_KINGHARMAN-7, eNodeB ID=5054, Cell FDD TDD indication=CELL_FDD",26576.227,212609819856.0,0,0.0011504298138740065,313,1103104.559699
2022-02-17,"4G_KINGHARMAN/Cell:eNodeB Function Name=4G_KINGHARMAN, Local Cell ID=2, Cell Name=4G_KINGHARMAN-2, eNodeB ID=5054, Cell FDD TDD indication=CELL_FDD",26398.514,211188108624.0,0,0.0011427369862385037,314,1076706.046121
2022-02-17,"4G_IMATT_II/Cell:eNodeB Function Name=4G_IMATT_II, Local Cell ID=3, Cell Name=4G_IMATT_II-3, eNodeB ID=5030, Cell FDD TDD indication=CELL_FDD",25574.24,204593916512.0,0,0.001107055872271454,315,1051131.806557
2022-02-17,"4G_WILKINSONROAD/Cell:eNodeB Function Name=4G_WILKINSONROAD, Local Cell ID=2, Cell Name=4G_WILKINSONROAD-2, eNodeB ID=5005, Cell FDD TDD indication=CELL_FDD",24861.672,198893373728.0,0,0.001076210279644157,316,1026270.134841
2022-02-17,"4G_KENNEDYSTREET/Cell:eNodeB Function Name=4G_KENNEDYSTREET, Local Cell ID=2, Cell Name=4G_KENNEDYSTREET-2, eNodeB ID=5027, Cell FDD TDD indication=CELL_FDD",24842.642,198741136048.0,0,0.001075386510365018,317,1001427.492835
2022-02-17,"4G_MOBIMBI/Cell:eNodeB Function Name=4G_MOBIMBI, Local Cell ID=2, Cell Name=4G_MOBIMBI-2, eNodeB ID=5099, Cell FDD TDD indication=CELL_FDD",24717.254,197738032448.0,0,0.0010699587235876839,318,976710.238779
2022-02-17,"4G_OAU_II/Cell:eNodeB Function Name=4G_OAU_II, Local Cell ID=8, Cell Name=4G_OAU_II-8, eNodeB ID=5013, Cell FDD TDD indication=CELL_FDD",24552.77,196422158704.0,0,0.0010628385519581575,319,952157.468941
2022-02-17,"4G_SUSSEX_II/Cell:eNodeB Function Name=4G_SUSSEX_II, Local Cell ID=1, Cell Name=4G_SUSSEX_II-1, eNodeB ID=5074, Cell FDD TDD indication=CELL_FDD",23724.601,189796809624.0,0,0.0010269888315096445,320,928432.867738
2022-02-17,"4G_LUNGITOWN/Cell:eNodeB Function Name=4G_LUNGITOWN, Local Cell ID=2, Cell Name=4G_LUNGITOWN-2, eNodeB ID=5116, Cell FDD TDD indication=CELL_FDD",23704.495,189635961216.0,0,0.001026118484419452,321,904728.372586
2022-02-17,"4G_SWISSHOTEL/Cell:eNodeB Function Name=4G_SWISSHOTEL, Local Cell ID=2, Cell Name=4G_SWISSHOTEL-2, eNodeB ID=5055, Cell FDD TDD indication=CELL_FDD",23613.67,188909358680.0,0,0.0010221868583144707,322,881114.702751
2022-02-17,"4G_SPURROADMILITARY/Cell:eNodeB Function Name=4G_SPURROADMILITARY, Local Cell ID=12, Cell Name=4G_SPURROADMILITARY-21, eNodeB ID=5067, Cell FDD TDD indication=CELL_TDD",23306.92,186455358736.0,0,0.0010089082862505788,323,857807.782909
2022-02-17,"4G_RUTILE_II/Cell:eNodeB Function Name=4G_RUTILE_II, Local Cell ID=1, Cell Name=4G_RUTILE_II-1, eNodeB ID=5048, Cell FDD TDD indication=CELL_FDD",23040.625,184324999896.0,0,0.0009973809273336948,324,834767.157922
2022-02-17,"4G_REGENT/Cell:eNodeB Function Name=4G_REGENT, Local Cell ID=3, Cell Name=4G_REGENT-3, eNodeB ID=5125, Cell FDD TDD indication=CELL_FDD",22670.635,181365077592.0,0,0.000981364826672181,325,812096.523223
2022-02-17,"4G_OAU_II/Cell:eNodeB Function Name=4G_OAU_II, Local Cell ID=1, Cell Name=4G_OAU_II-1, eNodeB ID=5013, Cell FDD TDD indication=CELL_FDD",22415.681,179325449064.0,0,0.0009703283961522869,326,789680.84209
2022-02-17,"4G_SPURLOOP_II/Cell:eNodeB Function Name=4G_SPURLOOP_II, Local Cell ID=7, Cell Name=4G_SPURLOOP_II-7, eNodeB ID=5039, Cell FDD TDD indication=CELL_FDD",22258.808,178070467576.0,0,0.0009635376889464876,327,767422.033643
2022-02-17,"4G_BINTUMANI/Cell:eNodeB Function Name=4G_BINTUMANI, Local Cell ID=3, Cell Name=4G_BINTUMANI-3, eNodeB ID=5006, Cell FDD TDD indication=CELL_FDD",21701.492,173611935880.0,0,0.0009394126337929097,328,745720.541658
2022-02-17,"4G_KISSYHOUSE/Cell:eNodeB Function Name=4G_KISSYHOUSE, Local Cell ID=8, Cell Name=4G_KISSYHOUSE-8, eNodeB ID=5053, Cell FDD TDD indication=CELL_FDD",20966.571,167732567168.0,0,0.000907599426100106,329,724753.970762
2022-02-17,"4G_KAMBIA_RELIEVE/Cell:eNodeB Function Name=4G_KAMBIA_RELIEVE, Local Cell ID=3, Cell Name=4G_KAMBIA_RELIEVE-3, eNodeB ID=5108, Cell FDD TDD indication=CELL_FDD",20754.349,166034791024.0,0,0.0008984127753403887,330,703999.621884
2022-02-17,"4G_CKC_BO/Cell:eNodeB Function Name=4G_CKC_BO, Local Cell ID=2, Cell Name=4G_CKC_BO-2, eNodeB ID=5071, Cell FDD TDD indication=CELL_FDD",20406.039,163248309688.0,0,0.0008833351569685086,331,683593.583173
2022-02-17,"4G_TORKPOITOWN/Cell:eNodeB Function Name=4G_TORKPOITOWN, Local Cell ID=3, Cell Name=4G_TORKPOITOWN-3, eNodeB ID=5072, Cell FDD TDD indication=CELL_FDD",20184.98,161479841768.0,0,0.0008737659707847371,332,663408.602952
2022-02-17,"4G_PENDUMA_DOVEFACTORY/Cell:eNodeB Function Name=4G_PENDUMA_DOVEFACTORY, Local Cell ID=1, Cell Name=4G_PENDUMA_DOVEFACTORY-1, eNodeB ID=5114, Cell FDD TDD indication=CELL_FDD",19669.815,157358517648.0,0,0.0008514655451048841,333,643738.788246
2022-02-17,"4G_KENEMA_ENTRANCE/Cell:eNodeB Function Name=4G_KENEMA_ENTRANCE, Local Cell ID=2, Cell Name=4G_KENEMA_ENTRANCE-2, eNodeB ID=5075, Cell FDD TDD indication=CELL_FDD",18589.572,148716575304.0,0,0.0008047040633705244,334,625149.216333
2022-02-17,"4G_DILLET/Cell:eNodeB Function Name=4G_DILLET, Local Cell ID=6, Cell Name=4G_DILLET-6, eNodeB ID=5069, Cell FDD TDD indication=CELL_FDD",18049.471,144395771896.0,0,0.0007813242099058785,335,607099.744846
2022-02-17,"4G_SUSSEX_II/Cell:eNodeB Function Name=4G_SUSSEX_II, Local Cell ID=3, Cell Name=4G_SUSSEX_II-3, eNodeB ID=5074, Cell FDD TDD indication=CELL_FDD",17961.355,143690840912.0,0,0.0007775098507991731,336,589138.389732
2022-02-17,"4G_MARJAYTOWN_II/Cell:eNodeB Function Name=4G_MARJAYTOWN_II, Local Cell ID=3, Cell Name=4G_MARJAYTOWN_II-3, eNodeB ID=5065, Cell FDD TDD indication=CELL_FDD",17652.092,141216734648.0,0,0.0007641224961709892,337,571486.297901
2022-02-17,"4G_SWISSHOTEL/Cell:eNodeB Function Name=4G_SWISSHOTEL, Local Cell ID=1, Cell Name=4G_SWISSHOTEL-1, eNodeB ID=5055, Cell FDD TDD indication=CELL_FDD",17452.608,139620862256.0,0,0.0007554872470443602,338,554033.690119
2022-02-17,"4G_BINTUMANI/Cell:eNodeB Function Name=4G_BINTUMANI, Local Cell ID=2, Cell Name=4G_BINTUMANI-2, eNodeB ID=5006, Cell FDD TDD indication=CELL_FDD",17082.749,136661994280.0,0,0.0007394768171014783,339,536950.940834
2022-02-17,"4G_FBC/Cell:eNodeB Function Name=4G_FBC, Local Cell ID=3, Cell Name=4G_FBC-3, eNodeB ID=5026, Cell FDD TDD indication=CELL_FDD",16931.577,135452618768.0,0,0.0007329328943759928,340,520019.363488
2022-02-17,"4G_KENEMA_MFS/Cell:eNodeB Function Name=4G_KENEMA_MFS, Local Cell ID=1, Cell Name=4G_KENEMA_MFS-1, eNodeB ID=5076, Cell FDD TDD indication=CELL_FDD",16836.484,134691868912.0,0,0.000728816515392222,341,503182.879874
2022-02-17,"4G_IMATT_II/Cell:eNodeB Function Name=4G_IMATT_II, Local Cell ID=2, Cell Name=4G_IMATT_II-2, eNodeB ID=5030, Cell FDD TDD indication=CELL_FDD",16810.026,134480206792.0,0,0.0007276712033802695,342,486372.854025
2022-02-17,"4G_KENEMA_MFS/Cell:eNodeB Function Name=4G_KENEMA_MFS, Local Cell ID=3, Cell Name=4G_KENEMA_MFS-3, eNodeB ID=5076, Cell FDD TDD indication=CELL_FDD",16437.053,131496427328.0,0,0.0007115259748280739,343,469935.800609
2022-02-17,"4G_CKC_BO/Cell:eNodeB Function Name=4G_CKC_BO, Local Cell ID=3, Cell Name=4G_CKC_BO-3, eNodeB ID=5071, Cell FDD TDD indication=CELL_FDD",16063.908,128511261360.0,0,0.0006953733007521784,344,453871.892939
2022-02-17,"4G_IMATT_II/Cell:eNodeB Function Name=4G_IMATT_II, Local Cell ID=6, Cell Name=4G_IMATT_II-6, eNodeB ID=5030, Cell FDD TDD indication=CELL_FDD",16048.177,128385413568.0,0,0.0006946923383491235,345,437823.716243
2022-02-17,"4G_SPURROADMILITARY/Cell:eNodeB Function Name=4G_SPURROADMILITARY, Local Cell ID=11, Cell Name=4G_SPURROADMILITARY-11, eNodeB ID=5067, Cell FDD TDD indication=CELL_TDD",15770.448,126163582976.0,0,0.0006826700252579005,346,422053.268371
2022-02-17,"4G_MURRAYTOWNBARRACKS/Cell:eNodeB Function Name=4G_MURRAYTOWNBARRACKS, Local Cell ID=2, Cell Name=4G_MURRAYTOWNBARRACKS-2, eNodeB ID=5012, Cell FDD TDD indication=CELL_FDD",14961.309,119690469760.0,0,0.0006476440740885265,347,407091.959651
2022-02-17,"4G_SWISSHOTEL/Cell:eNodeB Function Name=4G_SWISSHOTEL, Local Cell ID=7, Cell Name=4G_SWISSHOTEL-7, eNodeB ID=5055, Cell FDD TDD indication=CELL_FDD",14759.744,118077950240.0,0,0.0006389187427827127,348,392332.215871
2022-02-17,"4G_KINGTOM_II/Cell:eNodeB Function Name=4G_KINGTOM_II, Local Cell ID=1, Cell Name=4G_KINGTOM_II-1, eNodeB ID=5058, Cell FDD TDD indication=CELL_FDD",14610.288,116882306816.0,0,0.0006324491021425136,349,377721.927519
2022-02-17,"4G_OAU_II/Cell:eNodeB Function Name=4G_OAU_II, Local Cell ID=3, Cell Name=4G_OAU_II-3, eNodeB ID=5013, Cell FDD TDD indication=CELL_FDD",14565.527,116524217232.0,0,0.0006305114911754334,350,363156.400365
2022-02-17,"4G_SPURROAD_II/Cell:eNodeB Function Name=4G_SPURROAD_II, Local Cell ID=11, Cell Name=4G_SPURROAD_II-11, eNodeB ID=5001, Cell FDD TDD indication=CELL_TDD",14361.62,114892961528.0,0,0.0006216847795410992,351,348794.780174
2022-02-17,"4G_SPURROADMILITARY/Cell:eNodeB Function Name=4G_SPURROADMILITARY, Local Cell ID=6, Cell Name=4G_SPURROADMILITARY-6, eNodeB ID=5067, Cell FDD TDD indication=CELL_FDD",14322.016,114576124544.0,0,0.0006199704044212349,352,334472.764606
2022-02-17,"4G_SPURLOOP_II/Cell:eNodeB Function Name=4G_SPURLOOP_II, Local Cell ID=2, Cell Name=4G_SPURLOOP_II-2, eNodeB ID=5039, Cell FDD TDD indication=CELL_FDD",14190.53,113524237256.0,0,0.0006142786478559769,353,320282.234949
2022-02-17,"4G_MOBIMBI/Cell:eNodeB Function Name=4G_MOBIMBI, Local Cell ID=3, Cell Name=4G_MOBIMBI-3, eNodeB ID=5099, Cell FDD TDD indication=CELL_FDD",13410.964,107287712256.0,0,0.0005805328505957975,354,306871.270917
2022-02-17,"4G_PORTLOKO_II/Cell:eNodeB Function Name=4G_PORTLOKO_II, Local Cell ID=2, Cell Name=4G_PORTLOKO_II-2, eNodeB ID=5049, Cell FDD TDD indication=CELL_FDD",12888.775,103110197504.0,0,0.0005579283705062403,355,293982.496229
2022-02-17,"4G_HILLSTATION/Cell:eNodeB Function Name=4G_HILLSTATION, Local Cell ID=6, Cell Name=4G_HILLSTATION-6, eNodeB ID=5064, Cell FDD TDD indication=CELL_FDD",12795.507,102364059784.0,0,0.0005538909919919614,356,281186.988756
2022-02-17,"4G_PORTLOKO_SLMINING/Cell:eNodeB Function Name=4G_PORTLOKO_SLMINING, Local Cell ID=2, Cell Name=4G_PORTLOKO_SLMINING-2, eNodeB ID=5105, Cell FDD TDD indication=CELL_FDD",12537.186,100297491024.0,0,0.000542708811016846,357,268649.802378
2022-02-17,"4G_BAOMAHUN/Cell:eNodeB Function Name=4G_BAOMAHUN, Local Cell ID=1, Cell Name=4G_BAOMAHUN-1, eNodeB ID=5106, Cell FDD TDD indication=CELL_FDD",12045.47,96363761008.0,0,0.0005214234439721232,358,256604.332252
2022-02-17,"4G_SPURROADMILITARY/Cell:eNodeB Function Name=4G_SPURROADMILITARY, Local Cell ID=13, Cell Name=4G_SPURROADMILITARY-31, eNodeB ID=5067, Cell FDD TDD indication=CELL_TDD",11497.233,91977860888.0,0,0.0004976913999212938,359,245107.099641
2022-02-17,"4G_ALLENTOWN_II/Cell:eNodeB Function Name=4G_ALLENTOWN_II, Local Cell ID=6, Cell Name=4G_ALLENTOWN_II-6, eNodeB ID=5034, Cell FDD TDD indication=CELL_FDD",11205.328,89642622376.0,0,0.0004850554371558157,360,233901.771844
2022-02-17,"4G_LUNSAR_II/Cell:eNodeB Function Name=4G_LUNSAR_II, Local Cell ID=2, Cell Name=4G_LUNSAR_II-2, eNodeB ID=5047, Cell FDD TDD indication=CELL_FDD",11133.366,89066930888.0,0,0.0004819403512459158,361,222768.405483
2022-02-17,"4G_MARAMPA/Cell:eNodeB Function Name=4G_MARAMPA, Local Cell ID=3, Cell Name=4G_MARAMPA-3, eNodeB ID=5107, Cell FDD TDD indication=CELL_FDD",11123.104,88984834784.0,0,0.00048149613052376534,362,211645.301135
2022-02-17,"4G_BARMOI/Cell:eNodeB Function Name=4G_BARMOI, Local Cell ID=3, Cell Name=4G_BARMOI-3, eNodeB ID=5129, Cell FDD TDD indication=CELL_FDD",10878.656,87029248280.0,0,0.000470914482980573,363,200766.6451
2022-02-17,"4G_CKC_BO/Cell:eNodeB Function Name=4G_CKC_BO, Local Cell ID=1, Cell Name=4G_CKC_BO-1, eNodeB ID=5071, Cell FDD TDD indication=CELL_FDD",10496.025,83968196816.0,0,0.0004543511796150341,364,190270.620498
2022-02-17,"4G_KENEMA_MFS/Cell:eNodeB Function Name=4G_KENEMA_MFS, Local Cell ID=2, Cell Name=4G_KENEMA_MFS-2, eNodeB ID=5076, Cell FDD TDD indication=CELL_FDD",10097.842,80782737064.0,0,0.0004371146623856398,365,180172.778365
2022-02-17,"4G_MAKENISOS_RELIEF/Cell:eNodeB Function Name=4G_MAKENISOS_RELIEF, Local Cell ID=1, Cell Name=4G_MAKENISOS_RELIEF-1, eNodeB ID=5131, Cell FDD TDD indication=CELL_FDD",10078.198,80625582912.0,0,0.0004362643143184089,366,170094.580501
2022-02-17,"4G_PENDUMA_DOVEFACTORY/Cell:eNodeB Function Name=4G_PENDUMA_DOVEFACTORY, Local Cell ID=2, Cell Name=4G_PENDUMA_DOVEFACTORY-2, eNodeB ID=5114, Cell FDD TDD indication=CELL_FDD",9907.562,79260499072.0,0,0.00042887783535282037,367,160187.018117
2022-02-17,"4G_GODERICH/Cell:eNodeB Function Name=4G_GODERICH, Local Cell ID=2, Cell Name=4G_GODERICH-2, eNodeB ID=5016, Cell FDD TDD indication=CELL_FDD",9841.329,78730628056.0,0,0.0004260107459852319,368,150345.68961
2022-02-17,"4G_SEFADUCENTRAL/Cell:eNodeB Function Name=4G_SEFADUCENTRAL, Local Cell ID=3, Cell Name=4G_SEFADUCENTRAL-3, eNodeB ID=5061, Cell FDD TDD indication=CELL_FDD",9698.66,77589282216.0,0,0.00041983490051568536,369,140647.029333
2022-02-17,"4G_KENEMA_ENTRANCE/Cell:eNodeB Function Name=4G_KENEMA_ENTRANCE, Local Cell ID=1, Cell Name=4G_KENEMA_ENTRANCE-1, eNodeB ID=5075, Cell FDD TDD indication=CELL_FDD",9546.8,76374401296.0,0,0.00041326119569539966,370,131100.229171
2022-02-17,"4G_LUNGITOWN/Cell:eNodeB Function Name=4G_LUNGITOWN, Local Cell ID=1, Cell Name=4G_LUNGITOWN-1, eNodeB ID=5116, Cell FDD TDD indication=CELL_FDD",9137.382,73099054512.0,0,0.0003955383385894355,371,121962.847357
2022-02-17,"4G_ALLENTOWN_II/Cell:eNodeB Function Name=4G_ALLENTOWN_II, Local Cell ID=1, Cell Name=4G_ALLENTOWN_II-1, eNodeB ID=5034, Cell FDD TDD indication=CELL_FDD",8834.343,70674740032.0,0,0.00038242040802816487,372,113128.504853
2022-02-17,"4G_MAKENISOS_RELIEF/Cell:eNodeB Function Name=4G_MAKENISOS_RELIEF, Local Cell ID=3, Cell Name=4G_MAKENISOS_RELIEF-3, eNodeB ID=5131, Cell FDD TDD indication=CELL_FDD",8264.016,66112127304.0,0,0.0003577321336370212,373,104864.48894
2022-02-17,"4G_PORTLOKO_SLMINING/Cell:eNodeB Function Name=4G_PORTLOKO_SLMINING, Local Cell ID=1, Cell Name=4G_PORTLOKO_SLMINING-1, eNodeB ID=5105, Cell FDD TDD indication=CELL_FDD",8102.366,64818926624.0,0,0.0003507346399968317,374,96762.123112
2022-02-17,"4G_PALMRESORT/Cell:eNodeB Function Name=4G_PALMRESORT, Local Cell ID=8, Cell Name=4G_PALMRESORT-8, eNodeB ID=5025, Cell FDD TDD indication=CELL_FDD",7627.83,61022637256.0,0,0.00033019295956354384,375,89134.293455
2022-02-17,"4G_BARMOI/Cell:eNodeB Function Name=4G_BARMOI, Local Cell ID=2, Cell Name=4G_BARMOI-2, eNodeB ID=5129, Cell FDD TDD indication=CELL_FDD",7273.039,58184309768.0,0,0.00031483479212712887,376,81861.254734
2022-02-17,"4G_KAMBIA_RELIEVE/Cell:eNodeB Function Name=4G_KAMBIA_RELIEVE, Local Cell ID=2, Cell Name=4G_KAMBIA_RELIEVE-2, eNodeB ID=5108, Cell FDD TDD indication=CELL_FDD",7165.461,57323686768.0,0,0.0003101779633561774,377,74695.793888
2022-02-17,"4G_REGENT/Cell:eNodeB Function Name=4G_REGENT, Local Cell ID=1, Cell Name=4G_REGENT-1, eNodeB ID=5125, Cell FDD TDD indication=CELL_FDD",7151.823,57214586472.0,0,0.00030958760258744923,378,67543.970579
2022-02-17,"4G_MOBIMBI/Cell:eNodeB Function Name=4G_MOBIMBI, Local Cell ID=1, Cell Name=4G_MOBIMBI-1, eNodeB ID=5099, Cell FDD TDD indication=CELL_FDD",7035.233,56281866400.0,0,0.00030454066300495807,379,60508.737279
2022-02-17,"4G_SPURROADMILITARY/Cell:eNodeB Function Name=4G_SPURROADMILITARY, Local Cell ID=1, Cell Name=4G_SPURROADMILITARY-1, eNodeB ID=5067, Cell FDD TDD indication=CELL_FDD",6574.013,52592105208.0,0,0.00028457540462742506,380,53934.724128
2022-02-17,"4G_MOKABA/Cell:eNodeB Function Name=4G_MOKABA, Local Cell ID=1, Cell Name=4G_MOKABA-1, eNodeB ID=5100, Cell FDD TDD indication=CELL_FDD",5914.482,47315854920.0,0,0.0002560256738633803,381,48020.242263
2022-02-17,"4G_MAKENISOS_RELIEF/Cell:eNodeB Function Name=4G_MAKENISOS_RELIEF, Local Cell ID=2, Cell Name=4G_MAKENISOS_RELIEF-2, eNodeB ID=5131, Cell FDD TDD indication=CELL_FDD",5440.416,43523324424.0,0,0.0002355043387564821,382,42579.82671
2022-02-17,"4G_PENDUMA_DOVEFACTORY/Cell:eNodeB Function Name=4G_PENDUMA_DOVEFACTORY, Local Cell ID=3, Cell Name=4G_PENDUMA_DOVEFACTORY-3, eNodeB ID=5114, Cell FDD TDD indication=CELL_FDD",5222.363,41778907312.0,0,0.00022606527608574754,383,37357.463296
2022-02-17,"4G_SUSSEX_II/Cell:eNodeB Function Name=4G_SUSSEX_II, Local Cell ID=2, Cell Name=4G_SUSSEX_II-2, eNodeB ID=5074, Cell FDD TDD indication=CELL_FDD",4013.655,32109238536.0,0,0.00017374281061809395,384,33343.808479
2022-02-17,"4G_BOTOWN/Cell:eNodeB Function Name=4G_BOTOWN, Local Cell ID=8, Cell Name=4G_BOTOWN-8, eNodeB ID=5041, Cell FDD TDD indication=CELL_FDD",3993.862,31950893688.0,0,0.0001728860126495182,385,29349.946768
2022-02-17,"4G_MOKABA/Cell:eNodeB Function Name=4G_MOKABA, Local Cell ID=3, Cell Name=4G_MOKABA-3, eNodeB ID=5100, Cell FDD TDD indication=CELL_FDD",3292.51,26340077120.0,0,0.0001425259374281498,386,26057.437128
2022-02-17,"4G_KENEMA_ENTRANCE/Cell:eNodeB Function Name=4G_KENEMA_ENTRANCE, Local Cell ID=3, Cell Name=4G_KENEMA_ENTRANCE-3, eNodeB ID=5075, Cell FDD TDD indication=CELL_FDD",3167.059,25336472760.0,0,0.00013709542351132074,387,22890.378033
2022-02-17,"4G_RUTILE_II/Cell:eNodeB Function Name=4G_RUTILE_II, Local Cell ID=3, Cell Name=4G_RUTILE_II-3, eNodeB ID=5048, Cell FDD TDD indication=CELL_FDD",3045.141,24361129736.0,0,0.00013181784584584207,388,19845.236816
2022-02-17,"4G_FBC/Cell:eNodeB Function Name=4G_FBC, Local Cell ID=2, Cell Name=4G_FBC-2, eNodeB ID=5026, Cell FDD TDD indication=CELL_FDD",3007.28,24058239288.0,0,0.00013017892158533346,389,16837.956905
2022-02-17,"4G_MOKABA/Cell:eNodeB Function Name=4G_MOKABA, Local Cell ID=2, Cell Name=4G_MOKABA-2, eNodeB ID=5100, Cell FDD TDD indication=CELL_FDD",2966.977,23735814104.0,0,0.0001284342882034556,390,13870.980142
2022-02-17,"4G_BONTHE/Cell:eNodeB Function Name=4G_BONTHE, Local Cell ID=2, Cell Name=4G_BONTHE-2, eNodeB ID=5128, Cell FDD TDD indication=CELL_FDD",2803.96,22431678928.0,0,0.0001213776199650221,391,11067.020276
2022-02-17,"4G_SUMBUYA/Cell:eNodeB Function Name=4G_SUMBUYA, Local Cell ID=3, Cell Name=4G_SUMBUYA-3, eNodeB ID=5126, Cell FDD TDD indication=CELL_FDD",2705.553,21644423336.0,0,0.00011711778478623996,392,8361.467359
2022-02-17,"4G_TIHUN/Cell:eNodeB Function Name=4G_TIHUN, Local Cell ID=1, Cell Name=4G_TIHUN-1, eNodeB ID=5101, Cell FDD TDD indication=CELL_FDD",2480.706,19845648168.0,0,0.00010738462392935352,393,5880.761338
2022-02-17,"4G_SPURROAD_II/Cell:eNodeB Function Name=4G_SPURROAD_II, Local Cell ID=7, Cell Name=4G_SPURROAD_II-7, eNodeB ID=5001, Cell FDD TDD indication=CELL_FDD",1900.731,15205844368.0,0,8.227870760415141e-05,394,3980.030792
2022-02-17,"4G_BARMOI/Cell:eNodeB Function Name=4G_BARMOI, Local Cell ID=1, Cell Name=4G_BARMOI-1, eNodeB ID=5129, Cell FDD TDD indication=CELL_FDD",1297.9,10383201736.0,0,5.618340238541283e-05,395,2682.130575
2022-02-17,"4G_SUMBUYA/Cell:eNodeB Function Name=4G_SUMBUYA, Local Cell ID=1, Cell Name=4G_SUMBUYA-1, eNodeB ID=5126, Cell FDD TDD indication=CELL_FDD",1067.854,8542831304.0,0,4.622518758831392e-05,396,1614.276662
2022-02-17,"4G_BONTHE/Cell:eNodeB Function Name=4G_BONTHE, Local Cell ID=1, Cell Name=4G_BONTHE-1, eNodeB ID=5128, Cell FDD TDD indication=CELL_FDD",608.416,4867327824.0,0,2.6337068299347666e-05,397,1005.860684
2022-02-17,"4G_MARAMPA/Cell:eNodeB Function Name=4G_MARAMPA, Local Cell ID=1, Cell Name=4G_MARAMPA-1, eNodeB ID=5107, Cell FDD TDD indication=CELL_FDD",403.54,3228321272.0,0,1.7468410662307954e-05,398,602.320525
2022-02-17,"4G_BAOMAHUN/Cell:eNodeB Function Name=4G_BAOMAHUN, Local Cell ID=3, Cell Name=4G_BAOMAHUN-3, eNodeB ID=5106, Cell FDD TDD indication=CELL_FDD",342.612,2740899024.0,0,1.483096375535177e-05,399,259.708147
2022-02-17,"4G_SUMBUYA/Cell:eNodeB Function Name=4G_SUMBUYA, Local Cell ID=2, Cell Name=4G_SUMBUYA-2, eNodeB ID=5126, Cell FDD TDD indication=CELL_FDD",166.648,1333180888.0,0,7.213846706775775e-06,400,93.060536
2022-02-17,"4G_BAOMAHUN/Cell:eNodeB Function Name=4G_BAOMAHUN, Local Cell ID=2, Cell Name=4G_BAOMAHUN-2, eNodeB ID=5106, Cell FDD TDD indication=CELL_FDD",92.406,739251312.0,0,4.000064319921765e-06,401,0.654122
2022-02-17,"4G_BONTHE/Cell:eNodeB Function Name=4G_BONTHE, Local Cell ID=3, Cell Name=4G_BONTHE-3, eNodeB ID=5128, Cell FDD TDD indication=CELL_FDD",0.654,5232976.0,0,2.8310305231574078e-08,402,0.0
