Node ID,Node Name,Tech,domain,type,vendor,lat,long,azimuth
3,G09_Banjul Tower_1,2G,Radio,cell,Huawei,,,
4,G09_Banjul Tower_2,2G,Radio,cell,Huawei,,,
5,G09_Banjul Tower_3,2G,Radio,cell,Huawei,,,
6,G09_HQ_1,2G,Radio,cell,Huawei,,,
8,G09_Kaiaf_2,2G,Radio,cell,Huawei,,,
9,G09_Dobson_1,2G,Radio,cell,Huawei,,,
10,G09_Dobson_2,2G,Radio,cell,Huawei,,,
11,G09_Dobson_3,2G,Radio,cell,Huawei,,,
15,G09_Kaiaf_3,2G,Radio,cell,Huawei,,,
16,G09_Kaur_1,2G,Radio,cell,Huawei,,,
17,G09_Kaur_2,2G,Radio,cell,Huawei,,,
19,G09_Airport_1,2G,Radio,cell,Huawei,,,
20,G09_Airport_2,2G,Radio,cell,Huawei,,,
21,G09_Airport_3,2G,Radio,cell,Huawei,,,
22,G09_Arab Islamic Bank_1,2G,Radio,cell,Huawei,,,
23,G09_Arab Islamic Bank_2,2G,Radio,cell,Huawei,,,
24,G09_Arab Islamic Bank_3,2G,Radio,cell,Huawei,,,
25,G09_Bajakunda_1,2G,Radio,cell,Huawei,,,
37,G09_Brikama Ba_1,2G,Radio,cell,Huawei,,,
38,G09_Jambur_2,2G,Radio,cell,Huawei,,,
39,G09_Brikama Ba_2,2G,Radio,cell,Huawei,,,
40,G09_Jambur_3,2G,Radio,cell,Huawei,,,
41,G09_Basori_1,2G,Radio,cell,Huawei,,,
42,G09_Basori_2,2G,Radio,cell,Huawei,,,
49,G09_White Building_1,2G,Radio,cell,Huawei,,,
50,G09_White Building_2,2G,Radio,cell,Huawei,,,
51,G09_White Building_3,2G,Radio,cell,Huawei,,,
55,G09_Earth Station_1,2G,Radio,cell,Huawei,,,
56,G09_Earth Station_2,2G,Radio,cell,Huawei,,,
57,G09_Earth Station_3,2G,Radio,cell,Huawei,,,
64,G09_Fass_1,2G,Radio,cell,Huawei,,,
65,G09_Fass_2,2G,Radio,cell,Huawei,,,
27,G09_Bajakunda_3,2G,Radio,cell,Huawei,,,
66,G09_Fass_3,2G,Radio,cell,Huawei,,,
67,G09_Fatoto_1,2G,Radio,cell,Huawei,,,
68,G09_Fatoto_2,2G,Radio,cell,Huawei,,,
69,G09_Fatoto_3,2G,Radio,cell,Huawei,,,
76,G09_Gunjur_1,2G,Radio,cell,Huawei,,,
77,G09_Gunjur_2,2G,Radio,cell,Huawei,,,
78,G09_Gunjur_3,2G,Radio,cell,Huawei,,,
79,G09_Senegambia_1,2G,Radio,cell,Huawei,,,
80,G09_Senegambia_2,2G,Radio,cell,Huawei,,,
81,G09_Senegambia_3,2G,Radio,cell,Huawei,,,
88,G09_Sukuta Jabang Highway_2,2G,Radio,cell,Huawei,,,
89,G09_Sukuta Jabang Highway_3,2G,Radio,cell,Huawei,,,
90,G09_Jabang Estate_1,2G,Radio,cell,Huawei,,,
101,G09_Kwenilla_2,2G,Radio,cell,Huawei,,,
103,G09_Lamin_1,2G,Radio,cell,Huawei,,,
104,G09_Lamin_2,2G,Radio,cell,Huawei,,,
105,G09_Lamin_3,2G,Radio,cell,Huawei,,,
106,G09_Mansakonko_1,2G,Radio,cell,Huawei,,,
107,G09_Mansakonko_2,2G,Radio,cell,Huawei,,,
108,G09_Mansakonko_3,2G,Radio,cell,Huawei,,,
115,G09_Ndugu Kebbeh_1,2G,Radio,cell,Huawei,,,
116,G09_Ndugu Kebbeh_2,2G,Radio,cell,Huawei,,,
117,G09_Ndugu Kebbeh_3,2G,Radio,cell,Huawei,,,
130,G09_Sanyang_1,2G,Radio,cell,Huawei,,,
131,G09_Sanyang_2,2G,Radio,cell,Huawei,,,
132,G09_Sanyang_3,2G,Radio,cell,Huawei,,,
133,G09_Serra kunda mkt bldg_1,2G,Radio,cell,Huawei,,,
100,G09_Kwenilla_1,2G,Radio,cell,Huawei,,,
102,G09_Kwenilla_3,2G,Radio,cell,Huawei,,,
134,G09_Serra kunda mkt bldg_2,2G,Radio,cell,Huawei,,,
135,G09_Serra kunda mkt bldg_3,2G,Radio,cell,Huawei,,,
145,G09_Sinchubaliya_1,2G,Radio,cell,Huawei,,,
146,G09_Sinchubaliya_2,2G,Radio,cell,Huawei,,,
147,G09_Sinchubaliya_3,2G,Radio,cell,Huawei,,,
148,G09_Somo Bldg_1,2G,Radio,cell,Huawei,,,
149,G09_Somo Bldg_2,2G,Radio,cell,Huawei,,,
154,G09_Sudowol_1,2G,Radio,cell,Huawei,,,
155,G09_Sudowol_2,2G,Radio,cell,Huawei,,,
156,G09_Sudowol_3,2G,Radio,cell,Huawei,,,
166,G09_Bundung_1,2G,Radio,cell,Huawei,,,
167,G09_Bundung_2,2G,Radio,cell,Huawei,,,
168,G09_Bundung_3,2G,Radio,cell,Huawei,,,
169,G09_Faji Kunda_1,2G,Radio,cell,Huawei,,,
170,G09_Faji Kunda_2,2G,Radio,cell,Huawei,,,
171,G09_Faji Kunda_3,2G,Radio,cell,Huawei,,,
172,G09_New Jeshwang_1,2G,Radio,cell,Huawei,,,
173,G09_New Jeshwang_2,2G,Radio,cell,Huawei,,,
174,G09_New Jeshwang_3,2G,Radio,cell,Huawei,,,
175,G09_Kabafita_1,2G,Radio,cell,Huawei,,,
178,G09_Jabang Estate_2,2G,Radio,cell,Huawei,,,
179,G09_Jabang Estate_3,2G,Radio,cell,Huawei,,,
180,G09_Mandinari_1,2G,Radio,cell,Huawei,,,
181,G09_Mandinari_2,2G,Radio,cell,Huawei,,,
182,G09_Mandinari_3,2G,Radio,cell,Huawei,,,
183,G09_Illiassa_1,2G,Radio,cell,Huawei,,,
187,G09_Essau_2,2G,Radio,cell,Huawei,,,
188,G09_Essau_3,2G,Radio,cell,Huawei,,,
189,G09_Denton Bridge_1,2G,Radio,cell,Huawei,,,
190,G09_Denton Bridge_2,2G,Radio,cell,Huawei,,,
193,G09_Kubariko_3,2G,Radio,cell,Huawei,,,
194,G09_Farato-Paradise City_1,2G,Radio,cell,Huawei,,,
195,G09_Farato-Paradise City_2,2G,Radio,cell,Huawei,,,
192,G09_Kubariko_2,2G,Radio,cell,Huawei,,,
160,G09_Tabokoto_1,2G,Radio,cell,Huawei,,,
161,G09_Tabokoto_2,2G,Radio,cell,Huawei,,,
162,G09_Tabokoto_3,2G,Radio,cell,Huawei,,,
191,G09_Kubariko_1,2G,Radio,cell,Huawei,,,
210,G09_Ebo Town_1,2G,Radio,cell,Huawei,,,
211,G09_Ebo Town_2,2G,Radio,cell,Huawei,,,
214,G09_Busumbala II_2,2G,Radio,cell,Huawei,,,
215,G09_Busumbala II_3,2G,Radio,cell,Huawei,,,
216,G09_Farafenni 2_1,2G,Radio,cell,Huawei,,,
217,G09_Busumbala_1,2G,Radio,cell,Huawei,,,
218,G09_Busumbala_2,2G,Radio,cell,Huawei,,,
219,G09_Busumbala_3,2G,Radio,cell,Huawei,,,
220,G09_Brikama II_1,2G,Radio,cell,Huawei,,,
221,G09_Brikama II_2,2G,Radio,cell,Huawei,,,
222,G09_Brikama II_3,2G,Radio,cell,Huawei,,,
223,G09_Kartong_1,2G,Radio,cell,Huawei,,,
225,G09_Farafenni 2_3,2G,Radio,cell,Huawei,,,
226,G18_Test_2,2G,Radio,cell,Huawei,,,
228,G09_Brikama Tower_1,2G,Radio,cell,Huawei,,,
229,G09_Brikama Tower_2,2G,Radio,cell,Huawei,,,
230,G09_Brikama Tower_3,2G,Radio,cell,Huawei,,,
240,G09_Kartong_2,2G,Radio,cell,Huawei,,,
241,G09_Kartong_3,2G,Radio,cell,Huawei,,,
242,G09_Marakissa_1,2G,Radio,cell,Huawei,,,
243,G09_Marakissa_2,2G,Radio,cell,Huawei,,,
245,G09_Brikama Ba_3,2G,Radio,cell,Huawei,,,
253,G09_Nema Kunku_1,2G,Radio,cell,Huawei,,,
254,G09_Nema Kunku_2,2G,Radio,cell,Huawei,,,
255,G09_Nema Kunku_3,2G,Radio,cell,Huawei,,,
256,G09_Kombo Kerewan_1,2G,Radio,cell,Huawei,,,
257,G09_Kombo Kerewan_2,2G,Radio,cell,Huawei,,,
258,G09_Kombo Kerewan_3,2G,Radio,cell,Huawei,,,
259,G09_Somita_1,2G,Radio,cell,Huawei,,,
260,G09_Somita_2,2G,Radio,cell,Huawei,,,
261,G09_Somita_3,2G,Radio,cell,Huawei,,,
272,G09_Jiboroh_1,2G,Radio,cell,Huawei,,,
273,G09_Jiboroh_2,2G,Radio,cell,Huawei,,,
274,G09_Jiboroh_3,2G,Radio,cell,Huawei,,,
289,G09_Marakissa_3,2G,Radio,cell,Huawei,,,
291,G09_Kerr Jarga_1,2G,Radio,cell,Huawei,,,
291,G09_Kerr Jarga_1,2G,Radio,cell,Huawei,,,
292,G09_Kerr Jarga_2,2G,Radio,cell,Huawei,,,
292,G09_Kerr Jarga_2,2G,Radio,cell,Huawei,,,
293,G09_Kerr Jarga_3,2G,Radio,cell,Huawei,,,
293,G09_Kerr Jarga_3,2G,Radio,cell,Huawei,,,
144,G09_Sheraton_3,2G,Radio,cell,Huawei,,,
26,G09_Bajakunda_2,2G,Radio,cell,Huawei,,,
275,G09_Bakadagi_1,2G,Radio,cell,Huawei,,,
276,G09_Bakadagi_2,2G,Radio,cell,Huawei,,,
277,G09_Bakadagi_3,2G,Radio,cell,Huawei,,,
142,G09_Sheraton_1,2G,Radio,cell,Huawei,,,
143,G09_Sheraton_2,2G,Radio,cell,Huawei,,,
12,G09_Gamstar_1,2G,Radio,cell,Huawei,,,
13,G09_Gamstar_2,2G,Radio,cell,Huawei,,,
14,G09_Gamstar_3,2G,Radio,cell,Huawei,,,
70,G09_Gamtel Bakau_1,2G,Radio,cell,Huawei,,,
71,G09_Gamtel Bakau_2,2G,Radio,cell,Huawei,,,
72,G09_Gamtel Bakau_3,2G,Radio,cell,Huawei,,,
31,G09_Bato Kunku_1,2G,Radio,cell,Huawei,,,
32,G09_Bato Kunku_2,2G,Radio,cell,Huawei,,,
33,G09_Bato Kunku_3,2G,Radio,cell,Huawei,,,
7,G09_Kaiaf_1,2G,Radio,cell,Huawei,,,
279,G09_Ngeyen Sanjal_1,2G,Radio,cell,Huawei,,,
280,G09_Ngeyen Sanjal_2,2G,Radio,cell,Huawei,,,
281,G09_Ngeyen Sanjal_3,2G,Radio,cell,Huawei,,,
207,G09_Tanji_2,2G,Radio,cell,Huawei,,,
208,G09_Tanji_3,2G,Radio,cell,Huawei,,,
209,G09_Busumbala II_1,2G,Radio,cell,Huawei,,,
176,G09_Kabafita_2,2G,Radio,cell,Huawei,,,
177,G09_Kabafita_3,2G,Radio,cell,Huawei,,,
250,G09_Brikama UTG_1,2G,Radio,cell,Huawei,,,
251,G09_Brikama UTG_2,2G,Radio,cell,Huawei,,,
252,G09_Brikama UTG_3,2G,Radio,cell,Huawei,,,
232,G09_Brikama Cow_3,2G,Radio,cell,Huawei,,,
233,G09_Tendaba Camp_1,2G,Radio,cell,Huawei,,,
94,G09_Kudang_1,2G,Radio,cell,Huawei,,,
95,G09_Kudang_2,2G,Radio,cell,Huawei,,,
96,G09_Kudang_3,2G,Radio,cell,Huawei,,,
43,G09_Basori_3,2G,Radio,cell,Huawei,,,
44,G09_Bulock_2,2G,Radio,cell,Huawei,,,
45,G09_Bulock_3,2G,Radio,cell,Huawei,,,
282,G09_Bulock_1,2G,Radio,cell,Huawei,,,
91,G09_Kerewan_1,2G,Radio,cell,Huawei,,,
93,G09_Kerewan_3,2G,Radio,cell,Huawei,,,
92,G09_Kerewan_2,2G,Radio,cell,Huawei,,,
85,G09_Kanuma_1,2G,Radio,cell,Huawei,,,
86,G09_Kanuma_2,2G,Radio,cell,Huawei,,,
87,G09_Kanuma_3,2G,Radio,cell,Huawei,,,
46,G09_Bwiam_1,2G,Radio,cell,Huawei,,,
47,G09_Bwiam_2,2G,Radio,cell,Huawei,,,
48,G09_Bwiam_3,2G,Radio,cell,Huawei,,,
201,G09_Brusubi_1,2G,Radio,cell,Huawei,,,
202,G09_Brusubi_2,2G,Radio,cell,Huawei,,,
203,G09_Brusubi_3,2G,Radio,cell,Huawei,,,
82,G09_Kalaji_1,2G,Radio,cell,Huawei,,,
83,G09_Kalaji_2,2G,Radio,cell,Huawei,,,
84,G09_Kalaji_3,2G,Radio,cell,Huawei,,,
139,G09_Sibanor_1,2G,Radio,cell,Huawei,,,
140,G09_Sibanor_2,2G,Radio,cell,Huawei,,,
141,G09_Sibanor_3,2G,Radio,cell,Huawei,,,
58,G09_Farababanta_1,2G,Radio,cell,Huawei,,,
59,G09_Farababanta_2,2G,Radio,cell,Huawei,,,
60,G09_Farababanta_3,2G,Radio,cell,Huawei,,,
124,G09_Pakali Ba_1,2G,Radio,cell,Huawei,,,
125,G09_Pakali Ba_2,2G,Radio,cell,Huawei,,,
126,G09_Pakali Ba_3,2G,Radio,cell,Huawei,,,
61,G09_Farafenni_1,2G,Radio,cell,Huawei,,,
62,G09_Farafenni_2,2G,Radio,cell,Huawei,,,
63,G09_Farafenni_3,2G,Radio,cell,Huawei,,,
198,G09_Farato-Paradise City_3,2G,Radio,cell,Huawei,,,
118,G09_Nemasu_1,2G,Radio,cell,Huawei,,,
119,G09_Nemasu_2,2G,Radio,cell,Huawei,,,
120,G09_Nemasu_3,2G,Radio,cell,Huawei,,,
28,G09_Bansang_1,2G,Radio,cell,Huawei,,,
30,G09_Jambur_1,2G,Radio,cell,Huawei,,,
290,G09_Bansang_3,2G,Radio,cell,Huawei,,,
29,G09_Bansang_2,2G,Radio,cell,Huawei,,,
224,G09_Farafenni 2_2,2G,Radio,cell,Huawei,,,
199,G09_Tanji_1,2G,Radio,cell,Huawei,,,
200,G09_Basse_1,2G,Radio,cell,Huawei,,,
212,G09_Basse_2,2G,Radio,cell,Huawei,,,
213,G09_Basse_3,2G,Radio,cell,Huawei,,,
97,G09_Kuntaur_1,2G,Radio,cell,Huawei,,,
52,G09_Diabugu_1,2G,Radio,cell,Huawei,,,
53,G09_Diabugu_2,2G,Radio,cell,Huawei,,,
54,G09_Diabugu_3,2G,Radio,cell,Huawei,,,
73,G09_Sukuta Jabang Highway_1,2G,Radio,cell,Huawei,,,
74,G09_George Town_2,2G,Radio,cell,Huawei,,,
75,G09_George Town_3,2G,Radio,cell,Huawei,,,
285,G09_George Town_1,2G,Radio,cell,Huawei,,,
34,G09_Bijilo Tower_1,2G,Radio,cell,Huawei,,,
35,G09_Bijilo Tower_2,2G,Radio,cell,Huawei,,,
36,G09_Bijilo Tower_3,2G,Radio,cell,Huawei,,,
123,G09_Numuyel_3,2G,Radio,cell,Huawei,,,
122,G09_Numuyel_2,2G,Radio,cell,Huawei,,,
121,G09_Numuyel_1,2G,Radio,cell,Huawei,,,
157,G09_Sukuta_1,2G,Radio,cell,Huawei,,,
158,G09_Sukuta_2,2G,Radio,cell,Huawei,,,
159,G09_Sukuta_3,2G,Radio,cell,Huawei,,,
196,G09_Kanilai Village_1,2G,Radio,cell,Huawei,,,
197,G09_Kanilai Village_2,2G,Radio,cell,Huawei,,,
278,G09_Kanilai Village_3,2G,Radio,cell,Huawei,,,
234,G09_Comium Residence_1,2G,Radio,cell,Huawei,,,
235,G09_Comium Residence_2,2G,Radio,cell,Huawei,,,
236,G09_Comium Residence_3,2G,Radio,cell,Huawei,,,
109,G09_Mariama Kunda_1,2G,Radio,cell,Huawei,,,
110,G09_Mariama Kunda_2,2G,Radio,cell,Huawei,,,
111,G09_Mariama Kunda_3,2G,Radio,cell,Huawei,,,
204,G09_Old Yundum_1,2G,Radio,cell,Huawei,,,
205,G09_Old Yundum_2,2G,Radio,cell,Huawei,,,
206,G09_Old Yundum_3,2G,Radio,cell,Huawei,,,
237,G09_Tendaba Camp_2,2G,Radio,cell,Huawei,,,
184,G09_Illiassa_2,2G,Radio,cell,Huawei,,,
185,G09_Illiassa_3,2G,Radio,cell,Huawei,,,
186,G09_Essau_1,2G,Radio,cell,Huawei,,,
163,G09_White House_1,2G,Radio,cell,Huawei,,,
164,G09_White House_2,2G,Radio,cell,Huawei,,,
165,G09_White House_3,2G,Radio,cell,Huawei,,,
127,G09_SOS_1,2G,Radio,cell,Huawei,,,
128,G09_SOS_2,2G,Radio,cell,Huawei,,,
129,G09_SOS_3,2G,Radio,cell,Huawei,,,
0,G09_Future Lecce_1,2G,Radio,cell,Huawei,,,
1,G09_Future Lecce_2,2G,Radio,cell,Huawei,,,
2,G09_Future Lecce_3,2G,Radio,cell,Huawei,,,
18,G09_Kaur_3,2G,Radio,cell,Huawei,,,
136,G09_Saad Raslan_1,2G,Radio,cell,Huawei,,,
137,G09_Saad Raslan_2,2G,Radio,cell,Huawei,,,
138,G09_Saad Raslan_3,2G,Radio,cell,Huawei,,,
151,G09_Soul Samba Street_1,2G,Radio,cell,Huawei,,,
152,G09_Soul Samba Street_2,2G,Radio,cell,Huawei,,,
153,G09_Soul Samba Street_3,2G,Radio,cell,Huawei,,,
112,G09_Minteh Kunda_1,2G,Radio,cell,Huawei,,,
113,G09_Minteh Kunda_2,2G,Radio,cell,Huawei,,,
114,G09_Minteh Kunda_3,2G,Radio,cell,Huawei,,,
98,G09_Kuntaur_2,2G,Radio,cell,Huawei,,,
99,G09_Kuntaur_3,2G,Radio,cell,Huawei,,,
263,G09_Bureng_1,2G,Radio,cell,Huawei,,,
264,G09_Bureng_2,2G,Radio,cell,Huawei,,,
265,G09_Bureng_3,2G,Radio,cell,Huawei,,,
150,G09_Somo Bldg_3,2G,Radio,cell,Huawei,,,
301,G09_HQ_2,2G,Radio,cell,Huawei,,,
302,G09_HQ_3,2G,Radio,cell,Huawei,,,
294,G09_Brufut_Mkt_1,2G,Radio,cell,Huawei,,,
295,G09_Brufut_Mkt_2,2G,Radio,cell,Huawei,,,
296,G09_Brufut_Mkt_3,2G,Radio,cell,Huawei,,,
303,G09_Sifo_1,2G,Radio,cell,Huawei,,,
304,G09_Sifo_2,2G,Radio,cell,Huawei,,,
305,G09_Sifo_3,2G,Radio,cell,Huawei,,,
306,G09_Brikama Medina_1,2G,Radio,cell,Huawei,,,
307,G09_Brikama Medina_2,2G,Radio,cell,Huawei,,,
308,G09_Brikama Medina_3,2G,Radio,cell,Huawei,,,
309,G09_Busumbala Central_1,2G,Radio,cell,Huawei,,,
310,G09_Busumbala Central_2,2G,Radio,cell,Huawei,,,
311,G09_Busumbala Central_3,2G,Radio,cell,Huawei,,,
312,G09_Ebo Town_3,2G,Radio,cell,Huawei,,,
313,G09_Brikama Cow_1,2G,Radio,cell,Huawei,,,
314,G09_Brikama Cow_2,2G,Radio,cell,Huawei,,,
315,G09_Brikama Newtown_1,2G,Radio,cell,Huawei,,,
316,G09_Brikama Newtown_2,2G,Radio,cell,Huawei,,,
317,G09_Brikama Newtown_3,2G,Radio,cell,Huawei,,,
318,G09_Farato_1,2G,Radio,cell,Huawei,,,
319,G09_Farato_2,2G,Radio,cell,Huawei,,,
320,G09_Farato_3,2G,Radio,cell,Huawei,,,
321,G09_Jambajelli_1,2G,Radio,cell,Huawei,,,
322,G09_Jambajelli_2,2G,Radio,cell,Huawei,,,
323,G09_Jambajelli_3,2G,Radio,cell,Huawei,,,
327,G09_Sk Primary School_1,2G,Radio,cell,Huawei,,,
328,G09_Sk Primary School_2,2G,Radio,cell,Huawei,,,
329,G09_Sk Primary School_3,2G,Radio,cell,Huawei,,,
330,G09_Lamin 2_1,2G,Radio,cell,Huawei,,,
331,G09_Lamin 2_2,2G,Radio,cell,Huawei,,,
332,G09_Lamin 2_3,2G,Radio,cell,Huawei,,,
333,G09_Banjul Hope Street_1,2G,Radio,cell,Huawei,,,
334,G09_Banjul Hope Street_2,2G,Radio,cell,Huawei,,,
335,G09_Banjul Hope Street_3,2G,Radio,cell,Huawei,,,
336,G09_Farato 2_1,2G,Radio,cell,Huawei,,,
337,G09_Farato 2_2,2G,Radio,cell,Huawei,,,
338,G09_Farato 2_3,2G,Radio,cell,Huawei,,,
339,G09_Brikama Sanchaba_1,2G,Radio,cell,Huawei,,,
340,G09_Brikama Sanchaba_2,2G,Radio,cell,Huawei,,,
341,G09_Brikama Sanchaba_3,2G,Radio,cell,Huawei,,,
342,G09_Brufut Medina_1,2G,Radio,cell,Huawei,,,
343,G09_Brufut Medina_2,2G,Radio,cell,Huawei,,,
344,G09_Brufut Medina_3,2G,Radio,cell,Huawei,,,
345,G09_Kunkujang Keitaya_1,2G,Radio,cell,Huawei,,,
346,G09_Kunkujang Keitaya_2,2G,Radio,cell,Huawei,,,
347,G09_Kunkujang Keitaya_3,2G,Radio,cell,Huawei,,,
348,G09_Lamin Babylon_1,2G,Radio,cell,Huawei,,,
349,G09_Lamin Babylon_2,2G,Radio,cell,Huawei,,,
350,G09_Lamin Babylon_3,2G,Radio,cell,Huawei,,,
351,G09_LK Sabiji Market_1,2G,Radio,cell,Huawei,,,
352,G09_LK Sabiji Market_2,2G,Radio,cell,Huawei,,,
353,G09_LK Sabiji Market_3,2G,Radio,cell,Huawei,,,
354,G09_Sukuta 2_1,2G,Radio,cell,Huawei,,,
355,G09_Sukuta 2_2,2G,Radio,cell,Huawei,,,
356,G09_Sukuta 2_3,2G,Radio,cell,Huawei,,,
357,G09_Jalambang_1,2G,Radio,cell,Huawei,,,
358,G09_Jalambang_2,2G,Radio,cell,Huawei,,,
359,G09_Jalambang_3,2G,Radio,cell,Huawei,,,
360,G09_Jabang_1,2G,Radio,cell,Huawei,,,
361,G09_Jabang_2,2G,Radio,cell,Huawei,,,
362,G09_Jabang_3,2G,Radio,cell,Huawei,,,
363,G09_Kanifing Estate_1,2G,Radio,cell,Huawei,,,
364,G09_Kanifing Estate_2,2G,Radio,cell,Huawei,,,
365,G09_Kanifing Estate_3,2G,Radio,cell,Huawei,,,
366,G09_Kerr Seringe_1,2G,Radio,cell,Huawei,,,
367,G09_Kerr Seringe_2,2G,Radio,cell,Huawei,,,
368,G09_Kerr Seringe_3,2G,Radio,cell,Huawei,,,
369,G09_LK School_1,2G,Radio,cell,Huawei,,,
370,G09_LK School_2,2G,Radio,cell,Huawei,,,
371,G09_LK School_3,2G,Radio,cell,Huawei,,,
372,G09_Califonia_1,2G,Radio,cell,Huawei,,,
373,G09_Califonia_2,2G,Radio,cell,Huawei,,,
374,G09_Califonia_3,2G,Radio,cell,Huawei,,,
375,G09_Mamuda_1,2G,Radio,cell,Huawei,,,
376,G09_Mamuda_2,2G,Radio,cell,Huawei,,,
377,G09_Mamuda_3,2G,Radio,cell,Huawei,,,
378,G09_Tujereng Estate_1,2G,Radio,cell,Huawei,,,
379,G09_Tujereng Estate_2,2G,Radio,cell,Huawei,,,
380,G09_Tujereng Estate_3,2G,Radio,cell,Huawei,,,
381,G09_Brufut_Nema_1,2G,Radio,cell,Huawei,,,
382,G09_Brufut_Nema_2,2G,Radio,cell,Huawei,,,
383,G09_Brufut_Nema_3,2G,Radio,cell,Huawei,,,
384,G09_Latriya_1,2G,Radio,cell,Huawei,,,
385,G09_Latriya_2,2G,Radio,cell,Huawei,,,
386,G09_Latriya_3,2G,Radio,cell,Huawei,,,
387,G09_Old Yundum 3_1,2G,Radio,cell,Huawei,,,
388,G09_Old Yundum 3_2,2G,Radio,cell,Huawei,,,
389,G09_Old Yundum 3_3,2G,Radio,cell,Huawei,,,
390,G09_Sanchaba Touba_1,2G,Radio,cell,Huawei,,,
391,G09_Sanchaba Touba_2,2G,Radio,cell,Huawei,,,
392,G09_Sanchaba Touba_3,2G,Radio,cell,Huawei,,,
393,G09_Sinchu Sorry_1,2G,Radio,cell,Huawei,,,
394,G09_Sinchu Sorry_2,2G,Radio,cell,Huawei,,,
395,G09_Sinchu Sorry_3,2G,Radio,cell,Huawei,,,
396,G09_Welingara_1,2G,Radio,cell,Huawei,,,
397,G09_Welingara_2,2G,Radio,cell,Huawei,,,
398,G09_Welingara_3,2G,Radio,cell,Huawei,,,
399,G09_Yundum Medina_1,2G,Radio,cell,Huawei,,,
400,G09_Yundum Medina_2,2G,Radio,cell,Huawei,,,
401,G09_Yundum Medina_3,2G,Radio,cell,Huawei,,,
402,G09_Bakau Newtown_1,2G,Radio,cell,Huawei,,,
403,G09_Bakau Newtown_2,2G,Radio,cell,Huawei,,,
404,G09_Bakau Newtown_3,2G,Radio,cell,Huawei,,,
405,G09_GTMI_1,2G,Radio,cell,Huawei,,,
406,G09_GTMI_2,2G,Radio,cell,Huawei,,,
407,G09_GTMI_3,2G,Radio,cell,Huawei,,,
408,G09_Kololi-Palma Junction_1,2G,Radio,cell,Huawei,,,
409,G09_Kololi-Palma Junction_2,2G,Radio,cell,Huawei,,,
410,G09_Kololi-Palma Junction_3,2G,Radio,cell,Huawei,,,
411,G09_Yuna_1,2G,Radio,cell,Huawei,,,
412,G09_Yuna_2,2G,Radio,cell,Huawei,,,
413,G09_Yuna_3,2G,Radio,cell,Huawei,,,
414,G09_Lamin Daranka_1,2G,Radio,cell,Huawei,,,
415,G09_Lamin Daranka_2,2G,Radio,cell,Huawei,,,
416,G09_Lamin Daranka_3,2G,Radio,cell,Huawei,,,
417,G09_Manjai_1,2G,Radio,cell,Huawei,,,
418,G09_Manjai_2,2G,Radio,cell,Huawei,,,
419,G09_Manjai_3,2G,Radio,cell,Huawei,,,
420,G09_Busumbala 4_1,2G,Radio,cell,Huawei,,,
421,G09_Busumbala 4_2,2G,Radio,cell,Huawei,,,
422,G09_Busumbala 4_3,2G,Radio,cell,Huawei,,,
423,G09_Lamin Sateyba_1,2G,Radio,cell,Huawei,,,
424,G09_Lamin Sateyba_2,2G,Radio,cell,Huawei,,,
425,G09_Lamin Sateyba_3,2G,Radio,cell,Huawei,,,
426,G09_Banjulinding_1,2G,Radio,cell,Huawei,,,
427,G09_Banjulinding_2,2G,Radio,cell,Huawei,,,
428,G09_Banjulinding_3,2G,Radio,cell,Huawei,,,
429,G09_Bijilo II_1,2G,Radio,cell,Huawei,,,
430,G09_Bijilo II_2,2G,Radio,cell,Huawei,,,
431,G09_Bijilo II_3,2G,Radio,cell,Huawei,,,
432,G09_Gouygui Market_1,2G,Radio,cell,Huawei,,,
433,G09_Gouygui Market_2,2G,Radio,cell,Huawei,,,
434,G09_Gouygui Market_3,2G,Radio,cell,Huawei,,,
435,G09_Gunjur 2_1,2G,Radio,cell,Huawei,,,
436,G09_Gunjur 2_2,2G,Radio,cell,Huawei,,,
437,G09_Gunjur 2_3,2G,Radio,cell,Huawei,,,
438,G09_Sanyang 2_1,2G,Radio,cell,Huawei,,,
439,G09_Sanyang 2_2,2G,Radio,cell,Huawei,,,
440,G09_Sanyang 2_3,2G,Radio,cell,Huawei,,,
441,G09_Brusubi 2_1,2G,Radio,cell,Huawei,,,
442,G09_Brusubi 2_2,2G,Radio,cell,Huawei,,,
443,G09_Brusubi 2_3,2G,Radio,cell,Huawei,,,
444,G09_Busumbala 3_1,2G,Radio,cell,Huawei,,,
445,G09_Busumbala 3_2,2G,Radio,cell,Huawei,,,
446,G09_Busumbala 3_3,2G,Radio,cell,Huawei,,,
447,G09_Brikama Jamisa II_1,2G,Radio,cell,Huawei,,,
448,G09_Brikama Jamisa II_2,2G,Radio,cell,Huawei,,,
449,G09_Brikama Jamisa II_3,2G,Radio,cell,Huawei,,,
450,G09_Lamin Sanchaba_1,2G,Radio,cell,Huawei,,,
451,G09_Lamin Sanchaba_2,2G,Radio,cell,Huawei,,,
452,G09_Lamin Sanchaba_3,2G,Radio,cell,Huawei,,,
453,G09_Yundum Medina II_1,2G,Radio,cell,Huawei,,,
454,G09_Yundum Medina II_2,2G,Radio,cell,Huawei,,,
455,G09_Yundum Medina II_3,2G,Radio,cell,Huawei,,,
456,G09_Sinchu Alagie 2_1,2G,Radio,cell,Huawei,,,
457,G09_Sinchu Alagie 2_2,2G,Radio,cell,Huawei,,,
458,G09_Sinchu Alagie 2_3,2G,Radio,cell,Huawei,,,
459,G09_Allunghari_1,2G,Radio,cell,Huawei,,,
460,G09_Allunghari_2,2G,Radio,cell,Huawei,,,
461,G09_Allunghari_3,2G,Radio,cell,Huawei,,,
465,G09_Brufut TAF Estate_1,2G,Radio,cell,Huawei,,,
466,G09_Brufut TAF Estate_2,2G,Radio,cell,Huawei,,,
467,G09_Brufut TAF Estate_3,2G,Radio,cell,Huawei,,,
462,G09_Mansajang_1,2G,Radio,cell,Huawei,,,
463,G09_Mansajang_2,2G,Radio,cell,Huawei,,,
464,G09_Mansajang_3,2G,Radio,cell,Huawei,,,
888,G09_Test_1,2G,Radio,cell,Huawei,,,
0,G_Arab Islamic Bank@Arab Islamic Bank,2G,Radio,Site,Huawei,,,
1,G_Banjul Tower@Banjul Tower,2G,Radio,Site,Huawei,,,
3,G_Jiboroh@Jiboroh,2G,Radio,Site,Huawei,,,
5,G_Nemasu@Nemasu,2G,Radio,Site,Huawei,,,
6,G_Airport@Airport,2G,Radio,Site,Huawei,,,
7,G_Saad Raslan@Saad Raslan,2G,Radio,Site,Huawei,,,
8,G_Bajakunda@Baja Kunda,2G,Radio,Site,Huawei,,,
9,G_Bansang@Bansang,2G,Radio,Site,Huawei,,,
10,G_SOS@SOS,2G,Radio,Site,Huawei,,,
11,G_Bijilo Tower@Bijilo Tower,2G,Radio,Site,Huawei,,,
13,G_Ndugu Kebbeh@Ndugu Kebbeh,2G,Radio,Site,Huawei,,,
14,G_Bulock@Bulock,2G,Radio,Site,Huawei,,,
15,G_Bwiam@Bwiam,2G,Radio,Site,Huawei,,,
16,G_White Building@White Building,2G,Radio,Site,Huawei,,,
17,G_Basse@Basse,2G,Radio,Site,Huawei,,,
21,G_Fass@Fass,2G,Radio,Site,Huawei,,,
22,G_Fatoto@Fatoto,2G,Radio,Site,Huawei,,,
23,G_Gamtel Bakau@Gamtel Bakau,2G,Radio,Site,Huawei,,,
24,G_George Town@George Town,2G,Radio,Site,Huawei,,,
25,G_Gunjur@Gunjur,2G,Radio,Site,Huawei,,,
26,G_Senegambia@Senegambia,2G,Radio,Site,Huawei,,,
27,G_Kalaji@Kalaji,2G,Radio,Site,Huawei,,,
28,G_Kanuma@Kanuma,2G,Radio,Site,Huawei,,,
29,G_Sheraton@Sheraton,2G,Radio,Site,Huawei,,,
30,G_Kerewan@Kerewan,2G,Radio,Site,Huawei,,,
31,G_Kudang@Kudang,2G,Radio,Site,Huawei,,,
32,G_Kuntaur@Kuntaur,2G,Radio,Site,Huawei,,,
33,G_Kwenilla@Kwenilla,2G,Radio,Site,Huawei,,,
34,G_Lamin@Lamin,2G,Radio,Site,Huawei,,,
35,G_Nema Kunku@Nema Kunku,2G,Radio,Site,Huawei,,,
36,G_Mariama Kunda@Mariama Kunda,2G,Radio,Site,Huawei,,,
37,G_Minteh Kunda@Minteh Kunda,2G,Radio,Site,Huawei,,,
38,G_Somita@Somita,2G,Radio,Site,Huawei,,,
39,G_Kartong@Kartong,2G,Radio,Site,Huawei,,,
40,G_Sukuta@Sukuta,2G,Radio,Site,Huawei,,,
41,G_Pakali Ba@Pakali Ba,2G,Radio,Site,Huawei,,,
42,G_Kombo Kerewan@Kombo Kerewan,2G,Radio,Site,Huawei,,,
43,G_Sanyang@Sanyang,2G,Radio,Site,Huawei,,,
45,G_Kanilai Village@Kanilai Village,2G,Radio,Site,Huawei,,,
46,G_Numuyel@Numuyel,2G,Radio,Site,Huawei,,,
47,G_Kaiaf@Kaiaf,2G,Radio,Site,Huawei,,,
48,G_Sinchubaliya@Sinchubaliya,2G,Radio,Site,Huawei,,,
49,G_Earth Station@Earth Station,2G,Radio,Site,Huawei,,,
50,G_Soul Samba Street@Soul Samba Street,2G,Radio,Site,Huawei,,,
51,G_Sudowol@Sudowol,2G,Radio,Site,Huawei,,,
52,G_Tabokoto@Tabokoto,2G,Radio,Site,Huawei,,,
54,G_Bureng@Bureng,2G,Radio,Site,Huawei,,,
55,G_Bundung@Bundung,2G,Radio,Site,Huawei,,,
56,G_Faji Kunda@Faji Kunda,2G,Radio,Site,Huawei,,,
57,G_New Jeshwang@New Jeshwang,2G,Radio,Site,Huawei,,,
60,G_Bato Kunku@Bato Kunku,2G,Radio,Site,Huawei,,,
62,G_Jambur@Jambur,2G,Radio,Site,Huawei,,,
64,G_Mansakonko@Mansakonko,2G,Radio,Site,Huawei,,,
65,G_Basori@Basori,2G,Radio,Site,Huawei,,,
66,G_Dobson@Dobson,2G,Radio,Site,Huawei,,,
67,G_Farafenni@Farafenni,2G,Radio,Site,Huawei,,,
68,G_Brikama Tower@Brikama Tower,2G,Radio,Site,Huawei,,,
70,G_Marakissa@Marakissa,2G,Radio,Site,Huawei,,,
72,G_Bakadagi@Bakadagi,2G,Radio,Site,Huawei,,,
74,G_Diabugu@Diabugu,2G,Radio,Site,Huawei,,,
75,G_Busumbala@Busumbala,2G,Radio,Site,Huawei,,,
76,G_Brikama II@Brikama II,2G,Radio,Site,Huawei,,,
78,G_Future Lecce@Future Lecce,2G,Radio,Site,Huawei,,,
80,G_Brikama Ba@Brikama Ba,2G,Radio,Site,Huawei,,,
53,G_Brusubi@Brusubi,2G,Radio,Site,Huawei,,,
59,G_Ngeyen Sanjal@Ngeyen Sanjal,2G,Radio,Site,Huawei,,,
12,G_White House@White House,2G,Radio,Site,Huawei,,,
4,G_Gamstar@Gamstar,2G,Radio,Site,Huawei,,,
2,G_Serra Kunda Mkt Bldg@Serra Kunda Mkt Bldg,2G,Radio,Site,Huawei,,,
58,G_Kabafita@Kabafita,2G,Radio,Site,Huawei,,,
20,G_Brikama UTG@Brikama UTG,2G,Radio,Site,Huawei,,,
19,G_Farababanta@Farababanta,2G,Radio,Site,Huawei,,,
73,G_Brufut_Mkt@Brufut_Mkt,2G,Radio,Site,Huawei,,,
79,G_HQ@HQ,2G,Radio,Site,Huawei,,,
44,G_Somo Bldg@Somo Bldg,2G,Radio,Site,Huawei,,,
63,G_Comium Residence@Comium Residence,2G,Radio,Site,Huawei,,,
69,G_Old Yundum@Old Yundum,2G,Radio,Site,Huawei,,,
18,G_Sibanor@Sibanor,2G,Radio,Site,Huawei,,,
71,G_Ebo Town@Ebo Town,2G,Radio,Site,Huawei,,,
82,G_Kaur@Kaur,2G,Radio,Site,Huawei,,,
83,G_Jabang Estate@Jabang Estate,2G,Radio,Site,Huawei,,,
84,G_Sukuta-Jabang Highway@Sukuta-Jabang Highway,2G,Radio,Site,Huawei,,,
85,G_Essau@Essau,2G,Radio,Site,Huawei,,,
86,G_Mandinari@Mandinari,2G,Radio,Site,Huawei,,,
87,G_Illiassa@Illiassa,2G,Radio,Site,Huawei,,,
88,G_Denton Bridge@Denton Bridge,2G,Radio,Site,Huawei,,,
89,G_Kubariko@Kubariko,2G,Radio,Site,Huawei,,,
90,G_Farato-Paradise City@Farato-Paradise City,2G,Radio,Site,Huawei,,,
91,G_Tanji@Tanji,2G,Radio,Site,Huawei,,,
92,G_Busumbala II@Busumbala II,2G,Radio,Site,Huawei,,,
93,G_Farafenni 2@Farafenni 2,2G,Radio,Site,Huawei,,,
94,G_Gouygui Market@Gouygui Market,2G,Radio,Site,Huawei,,,
95,G_Sifo@Sifo,2G,Radio,Site,Huawei,,,
96,G_Brikama Medina@Brikama Medina,2G,Radio,Site,Huawei,,,
97,G_Busumbala Central@Busumbala Central,2G,Radio,Site,Huawei,,,
98,G_Brikama Cow@Brikama Cow,2G,Radio,Site,Huawei,,,
99,G_Brikama Newtown@Brikama Newtown,2G,Radio,Site,Huawei,,,
100,G_Farato@Farato,2G,Radio,Site,Huawei,,,
102,G_Jambajelli@Jambajelli,2G,Radio,Site,Huawei,,,
103,G_Sk Primary School@Sk Primary School,2G,Radio,Site,Huawei,,,
105,G_Banjul Hope Street@Banjul Hope Street,2G,Radio,Site,Huawei,,,
106,G_Farato 2@Farato 2,2G,Radio,Site,Huawei,,,
108,G_Brufut Medina@Brufut Medina,2G,Radio,Site,Huawei,,,
109,G_Kunkujang Keitaya@Kunkujang Keitaya,2G,Radio,Site,Huawei,,,
110,G_Lamin Babylon@Lamin Babylon,2G,Radio,Site,Huawei,,,
111,G_LK Sabiji Market@LK Sabiji Market,2G,Radio,Site,Huawei,,,
112,G_Sukuta 2@Sukuta 2,2G,Radio,Site,Huawei,,,
113,G_Jalambang@Jalambang,2G,Radio,Site,Huawei,,,
114,G_Jabang@Jabang,2G,Radio,Site,Huawei,,,
115,G_Kanifing Estate@Kanifing Estate,2G,Radio,Site,Huawei,,,
116,G_Kerr Seringe@Kerr Seringe,2G,Radio,Site,Huawei,,,
117,G_LK School@LK School,2G,Radio,Site,Huawei,,,
118,G_Califonia@Califonia,2G,Radio,Site,Huawei,,,
119,G_Mamuda@Mamuda,2G,Radio,Site,Huawei,,,
120,G_Tujereng Estate@Tujereng Estate,2G,Radio,Site,Huawei,,,
121,G_Brufut_Nema@Brufut_Nema,2G,Radio,Site,Huawei,,,
122,G_Latriya@Latriya,2G,Radio,Site,Huawei,,,
123,G_Old Yundum 3@Old Yundum 3,2G,Radio,Site,Huawei,,,
124,G_Sanchaba Touba@Sanchaba Touba,2G,Radio,Site,Huawei,,,
125,G_Sinchu Sorry@Sinchu Sorry,2G,Radio,Site,Huawei,,,
126,G_Welingara@Welingara,2G,Radio,Site,Huawei,,,
127,G_Yundum Medina@Yundum Medina,2G,Radio,Site,Huawei,,,
128,G_Bakau Newtown@Bakau Newtown,2G,Radio,Site,Huawei,,,
129,G_GTMI@GTMI,2G,Radio,Site,Huawei,,,
130,G_Kololi-Palma Junction@Kololi-Palma Junction,2G,Radio,Site,Huawei,,,
131,G_Yuna@Yuna,2G,Radio,Site,Huawei,,,
132,G_Lamin Daranka@Lamin Daranka,2G,Radio,Site,Huawei,,,
133,G_Manjai@Manjai,2G,Radio,Site,Huawei,,,
134,G_Busumbala 4@Busumbala 4,2G,Radio,Site,Huawei,,,
135,G_Lamin Sateyba@Lamin Sateyba,2G,Radio,Site,Huawei,,,
136,G_Banjulinding@Banjulinding,2G,Radio,Site,Huawei,,,
137,G_Bijilo II@Bijilo II,2G,Radio,Site,Huawei,,,
138,G_Gunjur 2@Gunjur 2,2G,Radio,Site,Huawei,,,
139,G_Sanyang 2@Sanyang 2,2G,Radio,Site,Huawei,,,
140,G_Brusubi 2@Brusubi 2,2G,Radio,Site,Huawei,,,
141,G_Busumbala 3@Busumbala 3,2G,Radio,Site,Huawei,,,
142,G_Brikama Jamisa II@Brikama Jamisa II,2G,Radio,Site,Huawei,,,
143,G_Lamin Sanchaba@Lamin Sanchaba,2G,Radio,Site,Huawei,,,
144,G_Yundum Medina II@Yundum Medina II,2G,Radio,Site,Huawei,,,
145,G_Sinchu Alagie 2@Sinchu Alagie 2,2G,Radio,Site,Huawei,,,
146,G_Allunghari@Allunghari,2G,Radio,Site,Huawei,,,
147,G_Brufut TAF Estate@Brufut TAF Estate,2G,Radio,Site,Huawei,,,
148,G_Mansajang@Mansajang,2G,Radio,Site,Huawei,,,
1,L07_Nemasu II_1,4G,Radio,cell,Huawei,,,
2,L07_Nemasu II_2,4G,Radio,cell,Huawei,,,
3,L07_Nemasu II_3,4G,Radio,cell,Huawei,,,
4,L18_Nemasu II_4,4G,Radio,cell,Huawei,,,
5,L18_Nemasu II_5,4G,Radio,cell,Huawei,,,
6,L18_Nemasu II_6,4G,Radio,cell,Huawei,,,
7,L21_Nemasu II_7,4G,Radio,cell,Huawei,,,
8,L21_Nemasu II_8,4G,Radio,cell,Huawei,,,
9,L21_Nemasu II_9,4G,Radio,cell,Huawei,,,
10,L18_Nemasu II_10,4G,Radio,cell,Huawei,,,
11,L18_Nemasu II_11,4G,Radio,cell,Huawei,,,
12,L18_Nemasu II_12,4G,Radio,cell,Huawei,,,
1,L07_Mansakonko_1,4G,Radio,cell,Huawei,,,
2,L07_Mansakonko_2,4G,Radio,cell,Huawei,,,
3,L07_Mansakonko_3,4G,Radio,cell,Huawei,,,
4,L18_Mansakonko_4,4G,Radio,cell,Huawei,,,
5,L18_Mansakonko_5,4G,Radio,cell,Huawei,,,
6,L18_Mansakonko_6,4G,Radio,cell,Huawei,,,
7,L21_Mansakonko_7,4G,Radio,cell,Huawei,,,
8,L21_Mansakonko_8,4G,Radio,cell,Huawei,,,
9,L21_Mansakonko_9,4G,Radio,cell,Huawei,,,
10,L18_Mansakonko_10,4G,Radio,cell,Huawei,,,
11,L18_Mansakonko_11,4G,Radio,cell,Huawei,,,
12,L18_Mansakonko_12,4G,Radio,cell,Huawei,,,
1,L07_Sheraton_1,4G,Radio,cell,Huawei,,,
2,L07_Sheraton_2,4G,Radio,cell,Huawei,,,
3,L07_Sheraton_3,4G,Radio,cell,Huawei,,,
4,L18_Sheraton_4,4G,Radio,cell,Huawei,,,
5,L18_Sheraton_5,4G,Radio,cell,Huawei,,,
6,L18_Sheraton_6,4G,Radio,cell,Huawei,,,
7,L21_Sheraton_7,4G,Radio,cell,Huawei,,,
8,L21_Sheraton_8,4G,Radio,cell,Huawei,,,
9,L21_Sheraton_9,4G,Radio,cell,Huawei,,,
1,L07_Sukuta_1,4G,Radio,cell,Huawei,,,
2,L07_Sukuta_2,4G,Radio,cell,Huawei,,,
3,L07_Sukuta_3,4G,Radio,cell,Huawei,,,
4,L18_Sukuta_4,4G,Radio,cell,Huawei,,,
5,L18_Sukuta_5,4G,Radio,cell,Huawei,,,
6,L18_Sukuta_6,4G,Radio,cell,Huawei,,,
7,L21_Sukuta_7,4G,Radio,cell,Huawei,,,
8,L21_Sukuta_8,4G,Radio,cell,Huawei,,,
9,L21_Sukuta_9,4G,Radio,cell,Huawei,,,
10,L18_Sukuta_10,4G,Radio,cell,Huawei,,,
11,L18_Sukuta_11,4G,Radio,cell,Huawei,,,
12,L18_Sukuta_12,4G,Radio,cell,Huawei,,,
1,L07_Pakali Ba_1,4G,Radio,cell,Huawei,,,
2,L07_Pakali Ba_2,4G,Radio,cell,Huawei,,,
3,L07_Pakali Ba_3,4G,Radio,cell,Huawei,,,
4,L18_Pakali Ba_4,4G,Radio,cell,Huawei,,,
5,L18_Pakali Ba_5,4G,Radio,cell,Huawei,,,
6,L18_Pakali Ba_6,4G,Radio,cell,Huawei,,,
1,L07_kalaji_1,4G,Radio,cell,Huawei,,,
2,L07_Kalaji_2,4G,Radio,cell,Huawei,,,
3,L07_Kalaji_3,4G,Radio,cell,Huawei,,,
4,L18_Kalaji_4,4G,Radio,cell,Huawei,,,
5,L18_Kalaji_5,4G,Radio,cell,Huawei,,,
6,L18_Kalaji_6,4G,Radio,cell,Huawei,,,
1,L07_Kwenilla_1,4G,Radio,cell,Huawei,,,
2,L07_Kwenilla_2,4G,Radio,cell,Huawei,,,
3,L07_Kwenilla_3,4G,Radio,cell,Huawei,,,
4,L18_Kwenilla_4,4G,Radio,cell,Huawei,,,
5,L18_Kwenilla_5,4G,Radio,cell,Huawei,,,
6,L18_Kwenilla_6,4G,Radio,cell,Huawei,,,
1,L07_Kanilai Village_1,4G,Radio,cell,Huawei,,,
2,L07_Kanilai Village_2,4G,Radio,cell,Huawei,,,
3,L07_Kanilai Village_3,4G,Radio,cell,Huawei,,,
4,L18_Kanilai Village_4,4G,Radio,cell,Huawei,,,
5,L18_Kanilai Village_5,4G,Radio,cell,Huawei,,,
6,L18_Kanilai Village_6,4G,Radio,cell,Huawei,,,
1,L07_Ndugu Kebbeh_1,4G,Radio,cell,Huawei,,,
2,L07_Ndugu Kebbeh_2,4G,Radio,cell,Huawei,,,
3,L07_Ndugu Kebbeh_3,4G,Radio,cell,Huawei,,,
4,L18_Ndugu Kebbeh_4,4G,Radio,cell,Huawei,,,
5,L18_Ndugu Kebbeh_5,4G,Radio,cell,Huawei,,,
6,L18_Ndugu Kebbeh_6,4G,Radio,cell,Huawei,,,
10,L18_Ndugu Kebbeh_10,4G,Radio,cell,Huawei,,,
11,L18_Ndugu Kebbeh_11,4G,Radio,cell,Huawei,,,
12,L18_Ndugu Kebbeh_12,4G,Radio,cell,Huawei,,,
1,L07_Sibanor_1,4G,Radio,cell,Huawei,,,
2,L07_Sibanor_2,4G,Radio,cell,Huawei,,,
3,L07_Sibanor_3,4G,Radio,cell,Huawei,,,
4,L18_Sibanor_4,4G,Radio,cell,Huawei,,,
5,L18_Sibanor_5,4G,Radio,cell,Huawei,,,
6,L18_Sibanor_6,4G,Radio,cell,Huawei,,,
1,L07_Mariama Kunda_1,4G,Radio,cell,Huawei,,,
2,L07_Mariama Kunda_2,4G,Radio,cell,Huawei,,,
3,L07_Mariama Kunda_3,4G,Radio,cell,Huawei,,,
4,L18_Mariama Kunda_4,4G,Radio,cell,Huawei,,,
5,L18_Mariama Kunda_5,4G,Radio,cell,Huawei,,,
6,L18_Mariama Kunda_6,4G,Radio,cell,Huawei,,,
7,L21_Mariama Kunda_7,4G,Radio,cell,Huawei,,,
8,L21_Mariama Kunda_8,4G,Radio,cell,Huawei,,,
9,L21_Mariama Kunda_9,4G,Radio,cell,Huawei,,,
10,L18_Mariama Kunda_10,4G,Radio,cell,Huawei,,,
11,L18_Mariama Kunda_11,4G,Radio,cell,Huawei,,,
12,L18_Mariama Kunda_12,4G,Radio,cell,Huawei,,,
1,L07_Kartong_1,4G,Radio,cell,Huawei,,,
2,L07_Kartong_2,4G,Radio,cell,Huawei,,,
3,L07_Kartong_3,4G,Radio,cell,Huawei,,,
4,L18_Kartong_4,4G,Radio,cell,Huawei,,,
5,L18_Kartong_5,4G,Radio,cell,Huawei,,,
6,L18_Kartong_6,4G,Radio,cell,Huawei,,,
7,L21_Kartong_7,4G,Radio,cell,Huawei,,,
8,L21_Kartong_8,4G,Radio,cell,Huawei,,,
9,L21_Kartong_9,4G,Radio,cell,Huawei,,,
1,L07_Marakissa_1,4G,Radio,cell,Huawei,,,
2,L07_Marakissa_2,4G,Radio,cell,Huawei,,,
3,L07_Marakissa_3,4G,Radio,cell,Huawei,,,
4,L18_Marakissa_4,4G,Radio,cell,Huawei,,,
5,L18_Marakissa_5,4G,Radio,cell,Huawei,,,
6,L18_Marakissa_6,4G,Radio,cell,Huawei,,,
7,L21_Marakissa_7,4G,Radio,cell,Huawei,,,
8,L21_Marakissa_8,4G,Radio,cell,Huawei,,,
9,L21_Marakissa_9,4G,Radio,cell,Huawei,,,
1,L07_Brikama II_1,4G,Radio,cell,Huawei,,,
2,L07_Brikama II_2,4G,Radio,cell,Huawei,,,
3,L07_Brikama II_3,4G,Radio,cell,Huawei,,,
4,L18_Brikama II_4,4G,Radio,cell,Huawei,,,
5,L18_Brikama II_5,4G,Radio,cell,Huawei,,,
6,L18_Brikama II_6,4G,Radio,cell,Huawei,,,
7,L21_Brikama II_7,4G,Radio,cell,Huawei,,,
8,L21_Brikama II_8,4G,Radio,cell,Huawei,,,
9,L21_Brikama II_9,4G,Radio,cell,Huawei,,,
10,L18_Brikama ii_10,4G,Radio,cell,Huawei,,,
11,L18_Brikama ii_11,4G,Radio,cell,Huawei,,,
12,L18_Brikama ii_12,4G,Radio,cell,Huawei,,,
1,L07_Old Yundum_1,4G,Radio,cell,Huawei,,,
2,L07_Old Yundum_2,4G,Radio,cell,Huawei,,,
3,L07_Old Yundum_3,4G,Radio,cell,Huawei,,,
4,L18_Old Yundum_4,4G,Radio,cell,Huawei,,,
5,L18_Old Yundum_5,4G,Radio,cell,Huawei,,,
6,L18_Old Yundum_6,4G,Radio,cell,Huawei,,,
7,L21_Old Yundum_7,4G,Radio,cell,Huawei,,,
8,L21_Old Yundum_8,4G,Radio,cell,Huawei,,,
9,L21_Old Yundum_9,4G,Radio,cell,Huawei,,,
10,L18_Old Yundum_10,4G,Radio,cell,Huawei,,,
11,L18_Old Yundum_11,4G,Radio,cell,Huawei,,,
12,L18_Old Yundum_12,4G,Radio,cell,Huawei,,,
1,L07_Kombo Kerewan_1,4G,Radio,cell,Huawei,,,
2,L07_Kombo Kerewan_2,4G,Radio,cell,Huawei,,,
3,L07_Kombo Kerewan_3,4G,Radio,cell,Huawei,,,
4,L18_Kombo Kerewan_4,4G,Radio,cell,Huawei,,,
5,L18_Kombo Kerewan_5,4G,Radio,cell,Huawei,,,
6,L18_Kombo Kerewan_6,4G,Radio,cell,Huawei,,,
7,L21_Kombo Kerewan_7,4G,Radio,cell,Huawei,,,
8,L21_Kombo Kerewan_8,4G,Radio,cell,Huawei,,,
9,L21_Kombo Kerewan_9,4G,Radio,cell,Huawei,,,
10,L18_Kombo Kerewan_10,4G,Radio,cell,Huawei,,,
11,L18_Kombo Kerewan_11,4G,Radio,cell,Huawei,,,
12,L18_Kombo Kerewan_12,4G,Radio,cell,Huawei,,,
1,L07_Kabafita_1,4G,Radio,cell,Huawei,,,
2,L07_Kabafita_2,4G,Radio,cell,Huawei,,,
3,L07_Kabafita_3,4G,Radio,cell,Huawei,,,
4,L18_Kabafita_4,4G,Radio,cell,Huawei,,,
5,L18_Kabafita_5,4G,Radio,cell,Huawei,,,
6,L18_Kabafita_6,4G,Radio,cell,Huawei,,,
7,L21_Kabafita_7,4G,Radio,cell,Huawei,,,
8,L21_Kabafita_8,4G,Radio,cell,Huawei,,,
9,L21_Kabafita_9,4G,Radio,cell,Huawei,,,
10,L18_kabafita_10,4G,Radio,cell,Huawei,,,
11,L18_Kabafita_11,4G,Radio,cell,Huawei,,,
12,L18_Kabafita_12,4G,Radio,cell,Huawei,,,
1,L07_Lamin_1,4G,Radio,cell,Huawei,,,
2,L07_Lamin_2,4G,Radio,cell,Huawei,,,
3,L07_Lamin_3,4G,Radio,cell,Huawei,,,
4,L18_Lamin_4,4G,Radio,cell,Huawei,,,
5,L18_Lamin_5,4G,Radio,cell,Huawei,,,
6,L18_Lamin_6,4G,Radio,cell,Huawei,,,
7,L21_Lamin_7,4G,Radio,cell,Huawei,,,
8,L21_Lamin_8,4G,Radio,cell,Huawei,,,
9,L21_Lamin_9,4G,Radio,cell,Huawei,,,
10,L18_Lamin_10,4G,Radio,cell,Huawei,,,
11,L18_Lamin_11,4G,Radio,cell,Huawei,,,
12,L18_Lamin_12,4G,Radio,cell,Huawei,,,
1,L07_Kanuma_1,4G,Radio,cell,Huawei,,,
2,L07_Kanuma_2,4G,Radio,cell,Huawei,,,
3,L07_Kanuma_3,4G,Radio,cell,Huawei,,,
4,L18_Kanuma_4,4G,Radio,cell,Huawei,,,
5,L18_Kanuma_5,4G,Radio,cell,Huawei,,,
6,L18_Kanuma_6,4G,Radio,cell,Huawei,,,
10,L18_Kanuma_10,4G,Radio,cell,Huawei,,,
11,L18_Kanuma_11,4G,Radio,cell,Huawei,,,
12,L18_Kanuma_12,4G,Radio,cell,Huawei,,,
1,L07_New Jeshwang_1,4G,Radio,cell,Huawei,,,
2,L07_New Jeshwang_2,4G,Radio,cell,Huawei,,,
3,L07_New Jeshwang_3,4G,Radio,cell,Huawei,,,
4,L18_New Jeshwang_4,4G,Radio,cell,Huawei,,,
5,L18_New Jeshwang_5,4G,Radio,cell,Huawei,,,
6,L18_New Jeshwang_6,4G,Radio,cell,Huawei,,,
7,L21_New Jeshwang_7,4G,Radio,cell,Huawei,,,
8,L21_New Jeshwang_8,4G,Radio,cell,Huawei,,,
9,L21_New Jeshwang_9,4G,Radio,cell,Huawei,,,
10,L18_New Jeshwang_10,4G,Radio,cell,Huawei,,,
11,L18_New Jeshwang_11,4G,Radio,cell,Huawei,,,
12,L18_New Jeshwang_12,4G,Radio,cell,Huawei,,,
1,L07_Faji Kunda_1,4G,Radio,cell,Huawei,,,
2,L07_Faji Kunda_2,4G,Radio,cell,Huawei,,,
3,L07_Faji Kunda_3,4G,Radio,cell,Huawei,,,
4,L18_Faji Kunda_4,4G,Radio,cell,Huawei,,,
5,L18_Faji Kunda_5,4G,Radio,cell,Huawei,,,
6,L18_Faji Kunda_6,4G,Radio,cell,Huawei,,,
7,L21_Faji Kunda_7,4G,Radio,cell,Huawei,,,
8,L21_Faji Kunda_8,4G,Radio,cell,Huawei,,,
9,L21_Faji Kunda_9,4G,Radio,cell,Huawei,,,
10,L18_Faji Kunda_10,4G,Radio,cell,Huawei,,,
11,L18_Faji Kunda_11,4G,Radio,cell,Huawei,,,
12,L18_Faji Kunda_12,4G,Radio,cell,Huawei,,,
1,L07_Nemasu_1,4G,Radio,cell,Huawei,,,
2,L07_Nemasu_2,4G,Radio,cell,Huawei,,,
3,L07_Nemasu_3,4G,Radio,cell,Huawei,,,
4,L18_Nemasu_4,4G,Radio,cell,Huawei,,,
5,L18_Nemasu_5,4G,Radio,cell,Huawei,,,
6,L18_Nemasu_6,4G,Radio,cell,Huawei,,,
7,L21_Nemasu_7,4G,Radio,cell,Huawei,,,
8,L21_Nemasu_8,4G,Radio,cell,Huawei,,,
9,L21_Nemasu_9,4G,Radio,cell,Huawei,,,
10,L18_Nemasu_10,4G,Radio,cell,Huawei,,,
11,L18_Nemasu_11,4G,Radio,cell,Huawei,,,
12,L18_Nemasu_12,4G,Radio,cell,Huawei,,,
1,L07_Fass_1,4G,Radio,cell,Huawei,,,
2,L07_Fass_2,4G,Radio,cell,Huawei,,,
3,L07_Fass_3,4G,Radio,cell,Huawei,,,
4,L18_Fass_4,4G,Radio,cell,Huawei,,,
5,L18_Fass_5,4G,Radio,cell,Huawei,,,
6,L18_Fass_6,4G,Radio,cell,Huawei,,,
1,L07_Future Lecce_1,4G,Radio,cell,Huawei,,,
2,L07_Future Lecce_2,4G,Radio,cell,Huawei,,,
3,L07_Future Lecce_3,4G,Radio,cell,Huawei,,,
4,L18_Future Lecce_4,4G,Radio,cell,Huawei,,,
5,L18_Future Lecce_5,4G,Radio,cell,Huawei,,,
6,L18_Future Lecce_6,4G,Radio,cell,Huawei,,,
7,L21_Future Lecce_7,4G,Radio,cell,Huawei,,,
8,L21_Future Lecce_8,4G,Radio,cell,Huawei,,,
9,L21_Future Lecce_9,4G,Radio,cell,Huawei,,,
1,L07_White Building_1,4G,Radio,cell,Huawei,,,
2,L07_White Building_2,4G,Radio,cell,Huawei,,,
3,L07_White Building_3,4G,Radio,cell,Huawei,,,
4,L18_White Building_4,4G,Radio,cell,Huawei,,,
5,L18_White Building_5,4G,Radio,cell,Huawei,,,
6,L18_White Building_6,4G,Radio,cell,Huawei,,,
7,L21_White Building_7,4G,Radio,cell,Huawei,,,
8,L21_White Building_8,4G,Radio,cell,Huawei,,,
9,L21_White Building_9,4G,Radio,cell,Huawei,,,
1,L07_Jiboroh_1,4G,Radio,cell,Huawei,,,
2,L07_Jiboroh_2,4G,Radio,cell,Huawei,,,
3,L07_Jiboroh_3,4G,Radio,cell,Huawei,,,
4,L18_Jiboroh_4,4G,Radio,cell,Huawei,,,
5,L18_Jiboroh_5,4G,Radio,cell,Huawei,,,
6,L18_Jiboroh_6,4G,Radio,cell,Huawei,,,
7,L21_Jiboroh_7,4G,Radio,cell,Huawei,,,
8,L21_Jiboroh_8,4G,Radio,cell,Huawei,,,
9,L21_Jiboroh_9,4G,Radio,cell,Huawei,,,
1,L07_Banjul Tower_1,4G,Radio,cell,Huawei,,,
2,L07_Banjul Tower_2,4G,Radio,cell,Huawei,,,
3,L07_Banjul Tower_3,4G,Radio,cell,Huawei,,,
4,L18_Banjul Tower_4,4G,Radio,cell,Huawei,,,
5,L18_Banjul Tower_5,4G,Radio,cell,Huawei,,,
6,L18_Banjul Tower_6,4G,Radio,cell,Huawei,,,
7,L21_Banjul Tower_7,4G,Radio,cell,Huawei,,,
8,L21_Banjul Tower_8,4G,Radio,cell,Huawei,,,
9,L21_Banjul Tower_9,4G,Radio,cell,Huawei,,,
10,L18_Banjul Tower_10,4G,Radio,cell,Huawei,,,
11,L18_Banjul Tower_11,4G,Radio,cell,Huawei,,,
12,L18_Banjul Tower_12,4G,Radio,cell,Huawei,,,
1,L07_Saad Raslan_1,4G,Radio,cell,Huawei,,,
2,L07_Saad Raslan_2,4G,Radio,cell,Huawei,,,
3,L07_Saad Raslan_3,4G,Radio,cell,Huawei,,,
4,L18_Saad Raslan_4,4G,Radio,cell,Huawei,,,
5,L18_Saad Raslan_5,4G,Radio,cell,Huawei,,,
6,L18_Saad Raslan_6,4G,Radio,cell,Huawei,,,
7,L21_Saad Raslan_7,4G,Radio,cell,Huawei,,,
8,L21_Saad Raslan_8,4G,Radio,cell,Huawei,,,
9,L21_Saad Raslan_9,4G,Radio,cell,Huawei,,,
10,L18_Saad Raslan_10,4G,Radio,cell,Huawei,,,
11,L18_Saad Raslan_11,4G,Radio,cell,Huawei,,,
12,L18_Saad Raslan_12,4G,Radio,cell,Huawei,,,
1,L07_Bansang_1,4G,Radio,cell,Huawei,,,
2,L07_Bansang_2,4G,Radio,cell,Huawei,,,
3,L07_Bansang_3,4G,Radio,cell,Huawei,,,
5,L18_Bansang_5,4G,Radio,cell,Huawei,,,
6,L18_Bansang_6,4G,Radio,cell,Huawei,,,
4,L18_Bansang_4,4G,Radio,cell,Huawei,,,
7,L21_Bansang_7,4G,Radio,cell,Huawei,,,
8,L21_Bansang_8,4G,Radio,cell,Huawei,,,
9,L21_Bansang_9,4G,Radio,cell,Huawei,,,
10,L18_Bansang_10,4G,Radio,cell,Huawei,,,
11,L18_Bansang_11,4G,Radio,cell,Huawei,,,
12,L18_Bansang_12,4G,Radio,cell,Huawei,,,
1,L07_Kudang_1,4G,Radio,cell,Huawei,,,
2,L07_Kudang_2,4G,Radio,cell,Huawei,,,
3,L07_Kudang_3,4G,Radio,cell,Huawei,,,
4,L18_Kudang_4,4G,Radio,cell,Huawei,,,
5,L18_Kudang_5,4G,Radio,cell,Huawei,,,
6,L18_Kudang_6,4G,Radio,cell,Huawei,,,
1,L07_Brikama Ba_1,4G,Radio,cell,Huawei,,,
2,L07_Brikama Ba_2,4G,Radio,cell,Huawei,,,
3,L07_Brikama Ba_3,4G,Radio,cell,Huawei,,,
4,L18_Brikama Ba_4,4G,Radio,cell,Huawei,,,
5,L18_Brikama Ba_5,4G,Radio,cell,Huawei,,,
6,L18_Brikama Ba_6,4G,Radio,cell,Huawei,,,
7,L21_Brikama Ba_7,4G,Radio,cell,Huawei,,,
8,L21_Brikama Ba_8,4G,Radio,cell,Huawei,,,
9,L21_Brikama Ba_9,4G,Radio,cell,Huawei,,,
10,L18_Brikama Ba_10,4G,Radio,cell,Huawei,,,
11,L18_Brikama Ba_11,4G,Radio,cell,Huawei,,,
12,L18_Brikama Ba_12,4G,Radio,cell,Huawei,,,
5,L18_Ebo Town_5,4G,Radio,cell,Huawei,,,
4,L18_Ebo Town_4,4G,Radio,cell,Huawei,,,
2,L07_Ebo Town_2,4G,Radio,cell,Huawei,,,
1,L07_Ebo Town_1,4G,Radio,cell,Huawei,,,
7,L21_Ebo Town_7,4G,Radio,cell,Huawei,,,
8,L21_Ebo Town_8,4G,Radio,cell,Huawei,,,
6,L18_Ebo Town_6,4G,Radio,cell,Huawei,,,
9,L21_Ebo Town_9,4G,Radio,cell,Huawei,,,
3,L07_Ebo Town_3,4G,Radio,cell,Huawei,,,
10,L18_Ebo Town_10,4G,Radio,cell,Huawei,,,
11,L18_Ebo Town_11,4G,Radio,cell,Huawei,,,
12,L18_Ebo Town_12,4G,Radio,cell,Huawei,,,
1,L07_Basse_1,4G,Radio,cell,Huawei,,,
2,L07_Basse_2,4G,Radio,cell,Huawei,,,
3,L07_Basse_3,4G,Radio,cell,Huawei,,,
4,L18_Basse_4,4G,Radio,cell,Huawei,,,
5,L18_Basse_5,4G,Radio,cell,Huawei,,,
6,L18_Basse_6,4G,Radio,cell,Huawei,,,
7,L21_Basse_7,4G,Radio,cell,Huawei,,,
8,L21_Basse_8,4G,Radio,cell,Huawei,,,
9,L21_Basse_9,4G,Radio,cell,Huawei,,,
10,L18_Basse_10,4G,Radio,cell,Huawei,,,
11,L18_Basse_11,4G,Radio,cell,Huawei,,,
12,L18_Basse_12,4G,Radio,cell,Huawei,,,
1,L07_Farababanta_1,4G,Radio,cell,Huawei,,,
2,L07_Farababanta_2,4G,Radio,cell,Huawei,,,
3,L07_Farababanta_3,4G,Radio,cell,Huawei,,,
4,L18_Farababanta_4,4G,Radio,cell,Huawei,,,
5,L18_Farababanta_5,4G,Radio,cell,Huawei,,,
6,L18_Farababanta_6,4G,Radio,cell,Huawei,,,
10,L18_Farababanta_10,4G,Radio,cell,Huawei,,,
11,L18_Farababanta_11,4G,Radio,cell,Huawei,,,
12,L18_Farababanta_12,4G,Radio,cell,Huawei,,,
1,L07_farafenni_1,4G,Radio,cell,Huawei,,,
2,L07_Farafenni_2,4G,Radio,cell,Huawei,,,
3,L07_Farafenni_3,4G,Radio,cell,Huawei,,,
4,L18_Farafenni_4,4G,Radio,cell,Huawei,,,
5,L18_Farafenni_5,4G,Radio,cell,Huawei,,,
6,L18_Farafenni_6,4G,Radio,cell,Huawei,,,
7,L21_Farafenni_7,4G,Radio,cell,Huawei,,,
8,L21_farafenni_8,4G,Radio,cell,Huawei,,,
9,L21_farafenni_9,4G,Radio,cell,Huawei,,,
10,L18_Farafenni_10,4G,Radio,cell,Huawei,,,
11,L18_Farafenni_11,4G,Radio,cell,Huawei,,,
12,L18_Farafenni_12,4G,Radio,cell,Huawei,,,
1,L07_Bakadagi_1,4G,Radio,cell,Huawei,,,
2,L07_Bakadagi_2,4G,Radio,cell,Huawei,,,
3,L07_Bakadagi_3,4G,Radio,cell,Huawei,,,
4,L18_Bakadagi_4,4G,Radio,cell,Huawei,,,
5,L18_Bakadagi_5,4G,Radio,cell,Huawei,,,
6,L18_Bakadagi_6,4G,Radio,cell,Huawei,,,
1,L07_George Town_1,4G,Radio,cell,Huawei,,,
2,L07_George Town_2,4G,Radio,cell,Huawei,,,
3,L07_George Town_3,4G,Radio,cell,Huawei,,,
5,L18_George Town_5,4G,Radio,cell,Huawei,,,
6,L18_George Town_6,4G,Radio,cell,Huawei,,,
4,L18_Goerge Town_4,4G,Radio,cell,Huawei,,,
1,L07_Bulock_1,4G,Radio,cell,Huawei,,,
2,L07_Bulock_2,4G,Radio,cell,Huawei,,,
3,L07_Bulock_3,4G,Radio,cell,Huawei,,,
4,L18_Bulock_4,4G,Radio,cell,Huawei,,,
5,L18_Bulock_5,4G,Radio,cell,Huawei,,,
6,L18_Bulock_6,4G,Radio,cell,Huawei,,,
10,L18_Bulock_10,4G,Radio,cell,Huawei,,,
11,L18_Bulock_11,4G,Radio,cell,Huawei,,,
12,L18_Bulock_12,4G,Radio,cell,Huawei,,,
1,L07_Dobson_1,4G,Radio,cell,Huawei,,,
2,L07_Dobson_2,4G,Radio,cell,Huawei,,,
3,L07_Dobson_3,4G,Radio,cell,Huawei,,,
4,L18_Dobson_4,4G,Radio,cell,Huawei,,,
5,L18_Dobson_5,4G,Radio,cell,Huawei,,,
6,L18_Dobson_6,4G,Radio,cell,Huawei,,,
7,L21_Dobson_7,4G,Radio,cell,Huawei,,,
8,L21_Dobson_8,4G,Radio,cell,Huawei,,,
9,L21_Dobson_9,4G,Radio,cell,Huawei,,,
1,L07_Sanyang_1,4G,Radio,cell,Huawei,,,
2,L07_Sanyang_2,4G,Radio,cell,Huawei,,,
3,L07_Sanyang_3,4G,Radio,cell,Huawei,,,
4,L18_Sanyang_4,4G,Radio,cell,Huawei,,,
5,L18_Sanyang_5,4G,Radio,cell,Huawei,,,
6,L18_Sanyang_6,4G,Radio,cell,Huawei,,,
7,L21_Sanyang_7,4G,Radio,cell,Huawei,,,
8,L21_Sanyang_8,4G,Radio,cell,Huawei,,,
9,L21_Sanyang_9,4G,Radio,cell,Huawei,,,
10,L18_Sanyang_10,4G,Radio,cell,Huawei,,,
11,L18_Sanyang_11,4G,Radio,cell,Huawei,,,
12,L18_Sanyang_12,4G,Radio,cell,Huawei,,,
1,L07_Bato Kunku_1,4G,Radio,cell,Huawei,,,
2,L07_Bato Kunku_2,4G,Radio,cell,Huawei,,,
3,L07_Bato Kunku_3,4G,Radio,cell,Huawei,,,
4,L18_Bato Kunku_4,4G,Radio,cell,Huawei,,,
5,L18_Bato Kunku_5,4G,Radio,cell,Huawei,,,
6,L18_Bato Kunku_6,4G,Radio,cell,Huawei,,,
7,L21_Bato Kunku_7,4G,Radio,cell,Huawei,,,
8,L21_Bato Kunku_8,4G,Radio,cell,Huawei,,,
9,L21_Bato Kunku_9,4G,Radio,cell,Huawei,,,
10,L18_Bato Kunku_10,4G,Radio,cell,Huawei,,,
11,L18_Bato Kunku_11,4G,Radio,cell,Huawei,,,
12,L18_Bato Kunku_12,4G,Radio,cell,Huawei,,,
1,L07_Koba Kunda_1,4G,Radio,cell,Huawei,,,
2,L07_Koba Kunda_2,4G,Radio,cell,Huawei,,,
3,L07_Koba Kunda_3,4G,Radio,cell,Huawei,,,
4,L18_Koba Kunda_4,4G,Radio,cell,Huawei,,,
5,L18_Koba Kunda_5,4G,Radio,cell,Huawei,,,
6,L18_Koba Kunda_6,4G,Radio,cell,Huawei,,,
7,L21_Koba Kunda_7,4G,Radio,cell,Huawei,,,
8,L21_Koba Kunda_8,4G,Radio,cell,Huawei,,,
